, CC_area, CC_perimeter, CC_circularity, CC_length, W1, W2, W3, W4, W5, W6, W7,volume
0,674.75,216.77,0.180444,76.5,28.25,135.25,95.5,83.5,74.75,58.25,199.25,1654001.75
1,620.5,196.34,0.202275,73.0,11.5,124.75,112.5,85.25,60.75,51.75,174.0,1566818.75
2,617.0,203.15,0.18788,74.0,22.75,160.25,92.5,71.0,60.75,43.5,166.25,1603843.625
3,524.5,191.32,0.180072,67.5,18.25,79.25,95.25,65.0,53.75,52.0,161.0,1434097.75
4,655.25,206.12,0.19381700000000002,77.0,15.0,141.0,103.25,88.5,69.75,52.5,185.25,1520944.5
5,812.0,224.21,0.202984,78.0,28.0,186.25,109.0,96.25,79.0,87.75,225.75,1878676.5
6,600.0,202.51,0.183852,72.0,21.5,127.5,88.25,65.5,60.0,57.5,179.75,1552326.875
7,707.0,263.33,0.128124,87.0,21.5,110.0,124.5,85.25,66.25,52.0,247.5,1702404.625
8,408.5,159.76,0.201122,59.0,4.75,75.0,76.5,53.5,48.25,30.25,120.25,1117105.25
9,626.75,230.6,0.148108,76.0,39.5,107.5,125.0,63.0,62.75,55.0,174.0,1827121.375
10,607.75,199.56,0.191773,72.0,17.75,123.25,97.0,73.0,50.25,51.0,195.5,1521745.625
11,642.75,188.8,0.22658699999999998,68.5,18.0,150.5,96.75,74.75,60.0,68.5,174.25,1404068.25
12,658.0,207.87,0.191354,71.0,25.75,140.25,103.75,75.5,65.75,59.0,188.0,1514961.125
13,631.25,201.27,0.195824,68.0,26.5,139.5,104.25,66.75,61.75,47.75,184.75,1522483.0
14,598.25,187.61,0.213589,70.5,13.0,166.0,67.25,76.0,61.25,50.75,164.0,1855017.75
15,792.75,225.43,0.19602999999999998,79.0,42.5,184.0,118.5,95.5,88.5,68.0,195.75,1696301.625
16,789.5,230.82,0.18621,82.0,43.0,170.0,119.0,91.5,83.75,64.75,217.5,1847895.875
17,706.5,227.22,0.171965,83.5,32.75,129.75,121.5,87.25,74.75,64.25,196.25,1523562.25
18,521.25,184.97,0.19144,66.0,17.5,121.0,68.25,67.0,59.5,42.25,145.75,1612137.75
19,678.75,198.92,0.215549,72.0,9.25,148.5,117.0,73.75,68.5,73.75,188.0,1590061.375
20,752.5,225.58,0.185828,78.0,42.5,149.5,117.5,82.5,84.0,65.25,211.25,1579025.5
21,564.5,193.56,0.18934,70.5,18.0,111.5,80.75,74.25,54.0,49.5,176.5,1366933.25
22,527.5,191.12,0.181483,66.5,1.5,75.0,143.25,64.0,59.75,51.25,132.75,1666984.125
23,577.0,180.9,0.221561,67.0,8.25,122.0,79.0,71.0,53.25,62.75,180.75,1254195.875
24,740.75,230.55,0.175124,76.5,47.0,131.5,124.0,92.75,75.75,49.5,220.25,1687374.75
25,594.0,205.22,0.177243,67.5,37.0,121.5,100.0,57.5,61.5,45.5,171.0,1681635.875
26,630.0,203.44,0.19128599999999998,77.0,18.25,135.25,85.25,75.75,65.25,58.0,192.25,1631620.5
27,599.75,206.44,0.176847,75.5,21.5,117.0,114.0,76.25,53.25,47.25,170.5,1629995.125
28,705.25,215.12,0.19151600000000002,75.5,29.25,155.5,109.25,91.5,71.75,46.5,201.5,1667673.875
29,603.5,186.75,0.217448,67.5,17.75,156.0,92.25,71.75,65.75,49.75,150.25,1454841.875
30,535.75,175.56,0.21843400000000002,62.0,23.5,89.25,106.5,70.75,63.25,50.5,132.0,1481356.25
31,672.75,215.74,0.18162999999999999,75.5,23.0,142.75,110.25,78.25,76.25,72.25,170.0,1542765.75
32,648.5,202.22,0.19929000000000002,74.5,14.75,172.5,86.75,75.75,64.75,60.5,173.5,1427721.25
33,607.25,188.88,0.213892,72.0,8.25,142.5,92.0,67.75,59.0,52.25,185.5,1615338.625
34,636.5,185.68,0.23199099999999998,66.5,150.25,50.0,75.0,78.75,57.0,54.0,171.5,1375382.5
35,664.0,205.36,0.197857,74.0,19.75,148.0,84.0,82.25,76.75,66.25,187.0,1529574.75
36,679.25,213.92,0.18651800000000002,78.5,21.25,160.25,112.75,83.5,62.5,56.75,182.25,1503712.0
37,945.0,235.79,0.213588,80.5,30.0,185.25,159.75,113.75,96.0,105.5,254.75,1721632.25
38,456.5,177.44,0.182202,64.5,19.0,102.5,68.25,50.75,44.5,39.75,131.75,1463249.5
39,606.75,187.34,0.217254,66.5,19.0,124.5,83.75,80.5,66.75,53.25,179.0,1471221.25
40,713.5,202.63,0.218369,72.5,20.0,162.0,100.0,87.75,70.75,66.5,206.5,1641982.875
41,810.25,220.6,0.20922399999999997,78.0,25.5,169.5,118.25,92.0,79.5,70.25,255.25,1797405.125
42,554.75,189.73,0.193655,73.5,8.0,126.5,67.75,65.5,57.0,56.5,173.5,1360138.25
43,822.75,221.77,0.210213,77.5,30.5,142.25,147.75,101.75,85.0,69.5,246.0,1662029.0
44,615.0,188.39,0.217759,69.5,9.5,122.75,99.75,85.25,70.75,53.0,174.0,1429814.0
45,495.25,172.37,0.209471,63.5,14.75,129.5,56.25,50.5,47.75,50.75,145.75,1299184.375
46,541.0,179.51,0.210975,66.0,10.0,109.0,71.5,69.0,63.75,59.0,158.75,1796555.25
47,701.0,207.8,0.203998,73.5,21.5,157.0,99.75,84.0,79.75,64.5,194.5,1671153.0
48,776.5,227.45,0.188615,75.0,29.0,148.75,140.5,98.5,83.5,63.0,213.25,1522905.0
49,483.5,184.68,0.17814000000000002,69.0,10.0,115.5,69.5,64.0,47.0,36.25,141.25,1365416.75
50,507.5,196.75,0.164743,71.0,10.0,97.0,89.0,64.5,57.5,41.5,148.0,1491345.25
51,607.5,199.63,0.191558,74.0,15.25,107.0,102.25,84.25,67.25,48.75,182.75,1395821.875
52,484.5,172.49,0.20463599999999998,63.5,12.0,121.75,79.25,56.75,45.25,37.0,132.5,1318101.5
53,458.25,186.17,0.166153,74.5,17.75,99.0,60.5,59.25,42.5,46.25,133.0,1276875.0
54,592.25,185.27,0.216829,72.0,6.0,136.75,87.0,75.0,67.0,51.0,169.5,1624504.5
55,696.25,211.92,0.19481199999999999,77.5,20.0,162.25,93.75,84.5,82.25,60.0,193.5,1541054.625
56,650.75,203.15,0.198157,72.5,20.0,147.25,104.25,68.25,59.25,48.25,203.5,1761533.625
57,429.0,188.92,0.15104,69.0,18.5,88.25,70.75,50.25,38.25,29.0,134.0,1481766.0
58,537.75,188.56,0.19005999999999998,65.0,24.0,109.75,88.75,62.0,54.25,37.0,162.0,1436609.0
59,874.0,250.4,0.17516600000000002,90.5,19.0,174.25,125.5,112.0,89.0,86.75,267.5,1690677.0
60,536.0,178.51,0.21137399999999998,66.0,14.0,133.75,70.25,66.0,50.75,56.25,145.0,1373966.0
61,529.5,208.48,0.15309,72.0,32.75,92.5,63.75,56.75,62.5,48.75,172.5,1465347.0
62,677.0,212.34,0.188687,77.0,13.75,153.75,86.75,80.0,70.5,53.5,218.75,1699689.0
63,516.0,190.25,0.179154,74.0,6.25,101.25,101.75,65.5,48.0,40.0,153.25,1452951.0
64,485.75,167.15,0.21849000000000002,57.5,13.0,108.25,57.75,58.5,57.75,36.5,154.0,1356097.0
65,724.25,213.17,0.20029,77.0,16.5,178.25,102.0,81.75,63.0,59.75,223.0,1391043.0
66,663.25,195.92,0.217126,71.0,18.25,154.25,65.5,91.25,66.5,67.0,200.5,1497882.0
67,715.25,210.05,0.203724,74.0,21.5,185.75,94.75,72.25,57.0,48.0,236.0,1392380.0
68,533.25,193.02,0.179852,73.0,9.0,104.75,51.5,51.75,51.75,59.75,204.75,1275927.0
69,547.5,212.87,0.151827,75.0,23.75,102.25,87.25,71.5,57.0,33.75,172.0,1426416.0
70,523.25,205.17,0.156209,72.5,23.25,104.5,74.0,62.25,50.5,40.25,168.5,1260883.0
71,543.0,189.22,0.19058599999999998,67.5,18.75,124.5,59.25,58.25,52.25,49.5,180.5,1498115.0
72,681.0,196.1,0.22254699999999997,67.5,118.5,80.25,60.25,78.75,70.5,68.75,204.0,1540308.0
73,653.25,191.92,0.222859,67.0,19.25,130.25,101.0,61.75,66.0,71.0,204.0,1360956.0
74,553.5,196.97,0.17927,73.5,20.0,93.0,91.25,63.0,56.75,57.0,172.5,1340026.0
75,720.75,229.43,0.172065,79.5,43.0,162.0,108.0,77.5,63.75,62.0,204.5,1697544.0
76,642.5,203.22,0.195508,74.0,19.75,148.75,83.25,75.5,71.25,59.25,184.75,1448375.375
77,775.75,233.72,0.178455,79.0,31.5,187.0,104.75,77.75,64.0,68.75,242.0,1581502.0
78,625.5,203.82,0.189203,73.0,15.5,145.0,78.75,63.5,62.75,65.75,194.25,1402761.0
79,757.75,209.22,0.217542,75.5,27.75,156.25,113.25,90.75,89.75,81.75,198.25,1363493.0
80,496.5,190.07,0.17269500000000002,69.0,91.75,4.5,83.75,44.5,45.75,45.5,180.75,1369480.0
81,516.5,189.68,0.180398,68.5,19.25,84.75,84.5,57.5,53.0,62.0,155.5,1375353.0
82,714.75,206.94,0.209727,72.5,21.0,166.5,105.75,79.5,65.0,69.25,207.75,1408517.0
83,482.5,177.68,0.192054,62.0,18.25,79.0,93.75,63.5,49.5,39.75,138.75,1200643.0
84,529.25,215.58,0.143104,71.5,24.5,74.75,82.0,52.0,41.75,39.0,215.25,1522861.0
85,679.25,214.53,0.18546500000000002,73.5,32.25,133.5,110.5,75.0,71.0,60.0,197.0,1732325.0
86,667.75,206.58,0.196627,71.0,27.0,127.5,128.25,81.0,67.25,60.5,176.25,1893892.0
87,776.75,225.17,0.192523,80.0,4.0,168.0,140.0,94.25,80.25,61.5,228.75,1456592.0
88,609.5,189.15,0.214087,66.0,20.5,135.0,72.25,67.5,60.25,58.75,195.25,1451492.0
89,679.75,204.22,0.20482199999999998,75.0,12.75,60.75,200.25,72.25,60.5,67.25,206.0,1635238.0
90,926.0,238.28,0.20495,81.5,28.0,223.25,160.75,90.75,87.75,84.25,251.25,1677492.0
91,690.25,224.48,0.172131,77.5,42.0,157.75,105.0,74.25,62.5,54.5,194.25,1690069.0
92,676.25,206.36,0.199559,72.5,10.75,165.25,90.75,74.75,68.25,51.75,214.75,1656043.375
93,532.0,185.32,0.194666,69.0,15.0,110.5,92.25,66.25,48.75,42.5,156.75,1645991.625
94,607.75,187.07,0.218225,67.0,25.5,142.75,93.5,61.75,52.0,54.0,178.25,1705609.375
95,547.5,191.34,0.18792799999999998,69.5,15.25,132.5,75.5,66.25,57.75,39.25,161.0,1447733.125
96,579.25,209.53,0.165799,73.0,31.5,116.25,90.25,68.5,59.5,50.25,163.0,1682940.625
97,605.25,198.58,0.19287200000000002,69.0,21.5,117.5,113.5,74.5,59.25,51.0,168.0,1597865.5
98,510.25,197.48,0.164416,68.0,26.75,103.5,85.25,63.25,50.25,45.25,136.0,1689376.75
99,799.75,213.28,0.22093600000000002,71.5,17.0,203.5,125.5,91.5,79.0,88.0,195.25,1628180.375
100,667.25,198.97,0.21179,69.5,17.5,150.5,94.0,71.75,66.75,58.75,208.0,1403670.375
101,459.75,174.02,0.19077,64.0,5.0,91.75,75.25,50.75,46.75,40.75,149.5,1498847.875
102,471.25,171.42,0.201534,56.0,23.0,122.25,62.25,44.25,47.0,38.75,133.75,1374442.375
103,601.75,213.53,0.165846,74.0,29.75,111.25,93.0,65.5,63.0,49.5,189.75,1807450.75
104,623.75,199.44,0.197061,74.5,14.75,136.0,91.75,69.75,63.0,52.25,196.25,1627500.625
105,598.0,224.0,0.149773,78.5,31.5,95.5,104.0,66.25,44.25,49.25,207.25,1596760.0
106,524.5,184.1,0.194477,65.5,15.75,127.75,78.5,61.0,47.5,49.5,144.5,1309069.375
107,594.75,182.37,0.22472399999999998,65.5,17.25,147.0,70.5,63.75,67.0,54.5,174.75,1454209.875
108,644.5,199.56,0.203369,73.0,17.75,176.75,92.0,75.5,59.5,43.25,179.75,1516924.25
109,607.25,185.97,0.22063400000000002,64.0,20.5,144.5,90.5,61.75,59.5,57.25,173.25,1458824.375
110,569.5,186.44,0.20588800000000002,72.0,8.75,135.75,90.0,63.0,44.75,47.0,180.25,1359127.0
111,640.5,197.41,0.206535,69.0,22.5,162.25,113.5,84.75,65.25,49.0,143.25,1475035.125
112,536.75,184.97,0.197133,68.0,15.75,130.25,70.75,59.25,54.25,46.75,159.75,1266840.375
113,514.0,188.05,0.182662,67.5,19.5,93.0,89.25,57.0,46.0,51.0,158.25,1405714.25
114,482.5,191.63,0.16511099999999998,66.0,27.0,97.5,81.25,62.75,52.25,34.0,127.75,1406005.75
115,469.25,186.37,0.169775,69.5,19.5,113.75,67.5,55.25,47.75,30.75,134.75,1536758.375
116,606.5,183.73,0.22577399999999997,68.0,9.0,157.75,83.75,68.25,62.0,54.75,171.0,1482812.125
117,596.25,185.2,0.21846100000000002,69.5,11.0,128.75,96.75,64.5,48.25,54.75,192.25,1636066.375
118,526.0,184.37,0.194458,68.5,15.75,111.25,93.25,70.0,44.75,41.25,149.75,1675153.75
119,493.75,183.27,0.18473399999999998,62.0,24.25,114.0,66.5,50.0,50.0,37.25,151.75,1630284.75
120,654.25,218.31,0.172509,78.5,23.25,125.5,110.5,87.75,66.0,54.0,187.25,1624231.0
121,575.0,202.97,0.175386,72.5,25.5,125.0,88.5,70.5,55.25,43.25,167.0,1418481.0
122,537.75,184.8,0.19786700000000002,66.5,22.0,128.0,70.5,67.5,59.25,42.5,148.0,1802615.0
123,598.75,199.85,0.18838,75.0,1.75,112.25,85.0,81.5,78.75,58.75,180.75,1469081.0
124,670.5,196.58,0.21803499999999998,70.0,23.25,167.0,112.5,70.5,56.5,59.0,181.75,1460753.0
125,748.25,219.62,0.194941,77.0,24.75,154.0,121.0,83.5,76.75,72.0,216.25,1569536.0
126,438.0,175.61,0.178478,64.5,10.75,112.25,71.25,52.75,41.75,32.25,117.0,1604753.0
127,811.0,231.89,0.18951800000000002,80.5,28.75,153.5,149.25,93.25,74.0,78.25,234.0,1535486.0
128,445.5,173.2,0.18663,63.5,18.0,86.75,76.5,59.25,52.0,41.75,111.25,1482701.0
129,425.75,176.54,0.171665,64.5,15.5,90.5,62.5,50.5,37.0,31.5,138.25,1488162.0
130,493.0,189.58,0.172372,65.5,24.5,92.25,81.25,57.25,55.25,44.5,138.0,1508543.0
131,445.5,183.63,0.166022,64.5,18.25,85.25,61.5,39.25,51.25,48.5,141.5,1424990.0
132,675.5,211.7,0.189402,72.0,26.75,146.0,102.5,77.5,66.5,46.5,209.75,1309957.0
133,551.0,195.56,0.181051,70.5,21.75,128.25,75.25,64.0,51.5,48.5,161.75,1245846.0
134,480.0,187.95,0.170746,69.0,16.0,104.5,74.25,56.5,48.25,31.75,148.75,1376733.0
135,625.75,191.37,0.214721,69.0,18.25,167.0,93.25,71.5,55.25,48.5,172.0,1708384.0
136,653.75,205.05,0.195399,73.5,22.0,146.75,95.0,67.0,71.5,64.0,187.5,1584506.0
137,464.5,180.42,0.179323,67.0,16.0,112.5,63.0,51.75,45.0,38.25,138.0,1369961.0
138,468.75,177.39,0.187198,66.5,7.75,94.25,68.0,55.75,46.75,45.25,151.0,1438430.0
139,582.75,200.9,0.18143399999999998,70.5,20.75,117.25,94.5,67.0,54.5,47.25,181.5,1564126.0
140,635.25,206.92,0.186437,76.0,16.0,147.0,91.75,67.5,47.75,56.25,209.0,1347527.0
141,743.75,213.58,0.204886,77.5,32.5,192.75,95.0,76.0,71.0,73.0,203.5,1545360.0
142,510.0,180.97,0.19568,67.0,15.75,106.5,81.25,58.75,52.75,44.0,151.0,1296029.0
143,480.5,182.25,0.18179700000000001,65.5,15.75,111.5,77.0,50.75,42.75,40.5,142.25,1376786.0
144,567.25,184.61,0.209157,66.5,15.75,140.5,96.5,66.25,49.25,39.25,159.75,1301235.0
145,473.5,185.46,0.172994,65.0,14.0,73.5,104.75,61.0,46.0,36.0,138.25,1629853.0
146,590.25,201.0,0.183601,71.5,23.25,116.5,91.25,68.75,62.75,57.25,170.5,1297207.0
147,512.25,184.1,0.189935,68.0,9.75,123.25,65.0,63.5,58.5,42.5,149.75,1613924.0
148,580.0,202.56,0.177636,76.5,17.25,130.0,74.75,80.5,59.25,48.25,170.0,1474813.0
149,809.75,207.87,0.23548400000000005,76.0,18.0,205.25,99.0,95.75,71.5,77.25,243.0,1572419.0
150,607.25,189.61,0.21225300000000002,70.0,11.0,122.25,93.25,70.0,59.5,51.0,200.25,1468767.0
151,496.75,181.68,0.189116,67.0,13.5,96.5,100.5,61.5,54.0,37.0,133.75,1356686.0
152,525.75,181.1,0.201453,66.5,11.5,105.25,86.5,69.0,50.75,44.25,158.5,1436533.0
153,663.75,204.05,0.200337,72.5,34.25,146.0,111.5,81.0,63.0,58.75,169.25,1361766.0
154,616.75,192.49,0.20917399999999997,69.5,24.0,134.5,91.25,66.75,53.75,50.0,196.5,1422043.0
155,507.75,176.47,0.204893,68.0,10.0,89.5,101.0,55.0,43.5,48.75,160.0,1378960.0
156,695.5,207.92,0.20216099999999998,77.5,28.75,165.0,110.0,81.25,58.0,69.75,182.75,1723668.0
157,734.0,221.29,0.188361,79.5,19.75,181.0,99.75,78.5,71.5,67.25,216.25,1822479.0
158,620.5,183.92,0.23050199999999998,64.0,27.25,199.75,82.0,69.75,57.5,45.5,138.75,1872441.0
159,583.75,176.56,0.235316,61.5,11.75,118.75,82.0,73.25,61.25,54.75,182.0,1537447.0
160,654.5,187.15,0.234833,68.0,11.5,183.0,89.75,78.75,56.5,58.5,176.5,1471587.0
161,691.25,215.77,0.186573,74.5,22.0,157.0,113.5,77.5,66.25,53.0,202.0,1761994.875
162,412.25,164.3,0.191917,62.5,14.0,92.0,72.75,50.0,35.5,29.5,118.5,1579251.0
163,849.25,230.67,0.20056400000000002,79.0,32.5,189.75,133.0,91.75,90.25,79.25,232.75,1857029.0
164,717.75,194.8,0.2376800000000001,68.0,23.0,167.0,103.0,88.75,71.25,66.5,198.25,1519027.0
165,793.5,208.0,0.230489,74.5,18.0,179.75,90.75,87.0,81.5,84.25,252.25,1654234.0
166,558.25,175.44,0.22792300000000001,61.5,9.0,135.25,83.5,62.25,53.25,44.0,171.0,1586981.0
167,667.5,221.14,0.171529,73.0,39.0,121.25,120.75,72.0,59.5,68.5,186.5,1673055.0
168,814.25,222.43,0.206814,79.5,18.25,222.75,89.5,100.25,92.25,71.25,220.0,2010202.0
169,453.5,185.15,0.166249,69.0,18.0,96.75,66.5,54.25,45.25,33.25,139.5,1454932.0
170,644.5,225.94,0.158646,80.5,29.5,121.5,113.5,55.5,48.75,55.25,220.5,1875628.0
171,524.25,180.44,0.202343,68.0,13.0,125.5,71.5,59.75,50.5,53.25,150.75,1476510.0
172,559.25,201.41,0.173244,72.0,21.75,121.25,92.75,65.0,56.25,48.0,154.25,1486902.0
173,664.5,218.89,0.174275,77.0,24.75,151.25,98.0,72.5,68.25,56.0,193.75,1676469.0
174,583.5,193.27,0.19630699999999998,71.5,19.0,157.5,88.25,69.75,61.75,43.25,144.0,1433348.0
175,679.25,201.34,0.21056599999999998,72.5,18.5,137.5,104.5,75.0,70.75,65.0,208.0,1724523.0
176,632.75,209.61,0.180974,76.0,115.75,14.5,113.0,66.75,55.75,72.25,194.75,1555150.0
177,522.75,195.44,0.171982,71.0,25.75,125.5,69.75,68.75,49.75,39.75,143.5,1657924.0
178,595.75,201.97,0.18351900000000002,72.0,23.0,119.5,92.25,66.0,58.5,40.5,196.0,1446655.0
179,599.75,203.75,0.181541,77.5,11.5,129.5,94.75,74.25,64.75,52.75,172.25,1711505.0
180,578.0,187.56,0.20647,66.0,23.5,143.0,93.75,64.25,58.75,49.75,145.0,1530981.0
181,591.5,205.46,0.176081,76.5,19.25,113.25,106.75,82.5,63.25,44.0,162.5,1683044.0
182,546.0,179.73,0.2124,66.5,14.75,150.0,76.0,65.25,52.25,46.5,141.25,1624724.0
183,600.75,179.97,0.233068,63.5,11.25,141.75,78.0,77.25,61.25,55.5,175.75,1684486.0
184,678.0,215.1,0.184152,79.5,17.75,157.0,114.0,68.0,57.25,51.75,212.25,1654083.0
185,703.0,217.97,0.185947,73.5,15.5,124.5,101.5,82.0,81.0,64.25,234.25,1855805.0
186,791.75,239.62,0.173278,84.5,33.25,157.25,101.25,108.0,86.25,66.25,239.5,1726470.0
187,433.25,170.02,0.188333,61.5,95.5,10.0,81.5,50.5,43.5,35.0,117.25,1396648.0
188,490.5,180.76,0.188642,68.5,8.25,83.25,92.0,58.5,50.75,44.25,153.5,1481841.0
189,719.75,200.39,0.22524,70.5,22.75,163.75,107.5,86.5,59.5,66.25,213.5,1697917.0
190,718.0,215.17,0.194888,81.0,5.25,170.75,74.25,85.0,74.25,75.75,232.75,1609611.0
191,636.0,199.0,0.201828,72.0,27.0,142.5,90.75,65.75,68.25,73.0,168.75,1527981.0
192,539.25,184.39,0.199312,66.0,16.5,128.5,70.25,67.5,59.75,46.5,150.25,1654537.0
193,817.25,224.65,0.203491,82.5,32.25,153.75,145.75,103.25,81.75,80.5,220.0,1615049.0
194,503.25,197.77,0.161681,71.0,17.25,124.25,64.5,63.25,58.25,40.75,135.0,1251626.5
195,501.25,188.46,0.177349,69.0,12.25,104.75,75.25,59.75,48.25,38.75,162.25,1612403.75
196,597.5,198.46,0.190636,72.0,16.75,121.25,96.0,70.5,59.5,54.5,179.0,1550880.75
197,389.0,173.61,0.162184,64.0,7.75,71.25,68.25,42.5,41.75,32.5,125.0,1396438.875
198,714.75,205.94,0.211769,74.0,19.5,146.75,117.75,88.0,77.75,62.5,202.5,1343202.0
199,743.25,215.29,0.201514,72.5,32.0,170.5,114.25,82.5,63.25,62.5,218.25,1307955.625
200,459.0,195.2,0.151384,73.0,13.25,112.5,79.5,54.75,45.75,36.5,116.75,1909755.375
201,618.5,188.07,0.21973,67.0,19.75,125.25,84.0,76.0,71.5,55.0,187.0,1318944.625
202,491.75,164.25,0.22906700000000002,59.0,14.5,128.75,64.25,58.5,50.75,44.5,130.5,1464289.25
203,509.5,182.02,0.19323900000000002,66.0,12.25,119.0,87.5,62.75,49.5,46.25,132.25,1487021.125
204,641.5,197.92,0.205783,72.0,9.75,150.5,79.5,74.5,65.25,59.0,203.0,1435622.75
205,468.25,165.25,0.21548899999999999,58.5,12.5,115.75,61.25,51.75,45.0,39.5,142.5,1255095.75
206,505.75,183.9,0.187918,68.5,11.5,102.25,75.25,53.75,44.75,49.0,169.25,1215851.0
207,366.25,163.27,0.17265899999999998,59.5,11.25,82.0,59.5,40.5,43.5,36.25,93.25,1424137.375
208,618.5,188.07,0.21973,67.0,19.75,125.25,84.0,76.0,71.5,55.0,187.0,1318944.625
209,610.0,208.22,0.17681,77.5,18.0,138.75,95.75,67.25,57.5,46.5,186.25,1668826.625
210,451.5,198.63,0.143805,74.5,9.0,75.0,86.5,58.0,43.0,40.5,139.5,1368651.125
211,471.25,202.02,0.145108,68.5,16.5,86.0,83.5,51.5,43.25,38.25,152.25,1450321.625
212,581.75,195.1,0.19206600000000001,70.5,25.25,129.25,107.25,70.75,47.25,44.5,157.5,1462241.125
213,508.0,173.35,0.212443,64.5,10.0,115.25,67.5,54.25,45.25,41.5,174.25,1284957.5
214,402.5,178.34,0.15903299999999998,64.5,9.0,77.75,81.5,50.75,39.5,27.5,116.5,1430806.5
215,605.25,197.02,0.195932,70.5,28.0,134.75,91.0,70.0,56.25,51.75,173.5,1564298.375
216,655.5,196.63,0.21304800000000002,69.0,23.5,182.5,78.25,71.0,68.0,54.5,177.75,1402206.5
217,490.75,185.73,0.17877200000000001,68.0,14.5,91.0,89.25,59.25,43.5,38.25,155.0,1624916.5
218,496.0,181.92,0.188327,65.0,13.0,86.25,85.0,58.5,57.5,47.0,148.75,1389129.25
219,527.5,191.44,0.180873,71.5,13.5,85.25,86.25,60.25,53.5,53.75,175.0,1515670.625
220,420.25,175.9,0.170675,65.5,7.75,97.25,77.25,49.25,44.75,33.5,110.5,1396558.75
221,385.25,179.2,0.150763,68.5,4.5,69.75,71.0,50.0,34.5,29.75,125.75,1235476.125
222,361.0,165.81,0.165002,64.5,4.5,69.25,68.75,47.25,34.5,25.25,111.5,1143097.125
223,767.25,193.49,0.25753400000000004,71.0,12.0,214.0,104.0,94.0,80.75,60.5,202.0,1524740.875
224,493.75,180.2,0.19108499999999998,66.0,11.75,116.5,79.75,60.25,43.25,39.25,143.0,1240045.25
225,494.75,199.58,0.156084,67.5,17.25,93.0,88.25,49.5,48.5,45.75,152.5,1411197.625
226,507.25,181.0,0.19456199999999998,67.0,14.0,120.5,73.75,50.75,46.25,40.5,161.5,1553344.375
227,836.5,207.65,0.243783,71.5,26.25,193.5,109.25,98.5,94.25,81.75,233.0,1428470.875
228,432.0,201.48,0.13373,64.5,25.75,65.0,79.25,61.0,41.0,39.5,120.5,1478883.0
229,412.5,165.2,0.189948,58.0,11.75,93.25,52.25,43.0,42.25,37.0,133.0,1228251.125
230,458.75,176.15,0.185798,62.0,12.25,101.75,62.5,47.75,58.5,45.5,130.5,1395434.5
231,472.5,185.05,0.173403,63.0,26.5,101.0,93.5,57.75,56.75,46.5,90.5,1045302.1875
232,543.5,180.0,0.210788,64.5,9.0,143.0,80.25,59.0,41.0,42.5,168.75,1528140.625
233,525.0,182.15,0.198852,66.0,17.0,132.25,84.5,60.25,52.0,47.0,132.0,1452563.0
234,582.5,199.22,0.18443900000000002,74.0,13.0,120.5,98.75,69.25,61.0,47.5,172.5,1485963.25
235,485.0,174.51,0.20013,64.5,6.25,117.5,68.0,54.0,49.25,41.5,148.5,1198117.375
236,660.25,212.39,0.18393199999999998,76.0,21.75,133.75,99.75,75.75,69.0,54.25,206.0,1535984.5
237,678.25,217.38,0.180369,69.0,29.25,155.5,94.25,69.0,59.5,48.0,222.75,1522900.0
238,477.0,177.2,0.190906,64.5,16.25,111.25,73.0,59.75,51.75,37.75,127.25,1399534.125
239,550.75,198.53,0.175594,68.0,21.25,108.75,83.75,70.0,53.25,42.75,171.0,1539952.75
240,500.0,192.56,0.169452,72.5,21.0,114.75,76.25,64.25,39.25,42.0,142.5,1399035.25
241,417.0,178.8,0.163907,66.5,6.5,84.75,64.5,52.25,47.5,33.5,128.0,1398989.5
242,645.0,201.56,0.199508,74.0,11.25,138.5,86.0,72.5,64.25,53.0,219.5,1451596.375
243,590.5,201.53,0.182704,70.0,5.0,114.75,105.75,69.0,59.0,50.75,186.25,1613275.25
244,705.25,242.57,0.150616,76.5,27.25,154.25,117.75,66.75,55.25,56.75,227.25,1510608.625
245,670.25,211.7,0.18792999999999999,75.0,19.5,162.0,109.25,78.75,67.5,53.25,180.0,1561895.0
246,622.75,199.29,0.197043,73.0,14.75,138.5,70.0,75.75,64.75,64.25,194.75,1604078.5
247,558.5,205.41,0.16633900000000001,72.0,22.5,120.5,90.5,58.5,51.75,46.75,168.0,1455153.625
248,590.5,200.02,0.18546600000000002,71.0,28.25,131.25,96.25,75.75,52.25,40.75,166.0,1495889.0
249,587.0,192.97,0.19808399999999998,69.0,23.25,127.75,86.25,59.75,55.5,55.5,179.0,1315057.75
250,710.0,220.77,0.183052,73.0,38.25,140.75,104.5,68.75,64.25,62.25,231.25,1503679.75
251,677.0,219.92,0.175895,78.5,30.0,112.5,116.0,87.75,73.5,56.25,201.0,1812689.125
252,542.0,197.41,0.174773,64.0,21.75,111.5,81.5,59.5,53.75,39.5,174.5,1444181.125
253,795.75,217.12,0.21213,80.0,13.25,172.25,108.25,99.75,78.75,84.5,239.0,1488647.5
254,620.75,175.12,0.254349,62.5,12.75,178.75,72.75,73.5,60.0,52.0,171.0,1488942.0
255,692.25,214.7,0.188712,71.0,23.5,141.25,108.25,80.0,67.75,67.25,204.25,1519245.0
256,479.0,183.56,0.178644,69.5,2.0,107.25,56.25,58.5,53.25,37.75,164.0,1424007.75
257,551.0,181.73,0.20965300000000006,66.5,16.5,138.75,77.5,72.75,56.25,40.5,148.75,1528540.25
258,566.5,184.85,0.208333,68.0,13.75,135.25,75.75,62.25,58.75,51.5,169.25,1197115.625
259,469.75,172.2,0.199081,64.5,8.5,88.5,66.5,63.25,48.5,43.5,151.0,1512959.25
260,463.5,169.59,0.202517,60.5,21.0,94.25,88.0,62.0,48.5,39.0,110.75,1292345.375
261,755.25,205.51,0.224717,73.5,29.0,146.5,123.5,86.0,73.5,74.0,222.75,1656706.375
262,594.25,188.61,0.20991700000000002,69.5,10.75,170.75,84.75,66.25,59.25,42.0,160.5,1314127.875
263,574.5,202.48,0.17609,73.0,14.0,90.0,89.5,64.0,56.75,58.5,201.75,1266367.875
264,543.75,195.39,0.178983,71.5,22.75,113.0,97.25,62.0,59.25,38.75,150.75,1437811.625
265,489.5,179.18,0.191605,68.0,10.5,114.75,76.75,55.75,52.75,38.0,141.0,1090018.625
266,671.5,186.2,0.24339699999999997,67.0,21.75,146.25,80.75,89.75,77.75,58.0,197.25,1259136.0
267,564.5,206.41,0.1665,73.5,14.75,116.75,78.75,64.25,57.75,43.0,189.25,1419620.625
268,633.5,211.61,0.17778,75.5,25.0,144.5,83.75,72.0,67.5,44.25,196.5,1598303.625
269,651.25,195.8,0.21346199999999999,69.0,20.0,126.25,97.5,76.0,65.75,56.0,209.75,1545594.875
270,573.75,178.32,0.22674899999999998,64.0,14.0,119.5,91.75,67.75,58.75,50.5,171.5,1325256.75
271,674.0,201.7,0.20818499999999998,73.5,24.0,163.0,94.75,80.75,64.5,61.75,185.25,1629726.625
272,720.5,228.87,0.172843,82.5,44.5,147.0,113.0,84.25,69.5,58.5,203.75,1653291.125
273,656.75,203.7,0.19889300000000001,75.5,18.25,146.25,93.5,84.75,68.75,62.25,183.0,1472095.75
274,685.75,237.43,0.152864,74.5,38.25,116.25,89.25,65.0,59.0,49.75,268.25,1580404.375
275,463.75,207.41,0.135468,67.5,41.75,79.5,73.5,48.0,44.75,35.25,141.0,1389046.625
276,570.25,188.02,0.20269700000000002,68.0,17.25,159.75,76.5,70.75,63.0,42.0,141.0,1391432.25
277,571.25,188.49,0.202053,71.5,9.0,122.25,95.25,65.0,50.0,46.75,183.0,1417040.125
278,574.25,197.85,0.184343,71.0,16.0,108.5,88.25,65.25,65.25,51.75,179.25,1286306.75
279,457.5,178.15,0.18115499999999998,63.0,14.0,117.25,77.75,50.75,47.25,34.25,116.25,1383946.5
280,531.0,204.63,0.159353,70.0,32.0,111.0,94.0,59.75,48.5,40.25,145.5,1488519.0
281,409.5,170.59,0.176831,62.5,11.25,93.5,66.75,45.5,33.25,31.5,127.75,1161044.625
282,568.0,191.15,0.195357,72.0,17.5,124.25,70.5,69.25,65.75,46.25,174.5,1394690.125
283,681.25,202.22,0.20935399999999998,72.0,21.5,130.25,124.0,84.25,61.75,64.25,195.25,1354152.0
284,621.5,200.92,0.193458,74.0,20.0,141.25,99.0,82.25,60.75,49.25,169.0,1339644.0
285,771.25,223.07,0.194777,73.0,35.0,179.25,118.75,82.0,67.75,65.25,223.25,1703546.625
286,583.25,180.68,0.22451100000000002,67.0,9.5,144.5,81.75,68.25,53.0,56.75,169.5,1352664.25
287,571.5,181.54,0.217914,67.5,11.0,135.25,79.0,64.75,56.25,47.25,178.0,1183405.125
288,636.5,190.97,0.21930999999999998,68.5,14.0,142.0,89.75,73.75,55.5,65.5,196.0,1435810.875
289,581.0,194.27,0.193458,68.0,28.75,136.25,77.0,66.25,58.5,44.0,170.25,1383704.125
290,584.75,191.8,0.199743,69.5,16.25,134.25,96.75,72.25,62.0,47.75,155.5,1669465.875
291,429.5,173.93,0.17840699999999998,67.5,7.0,102.5,60.0,45.5,43.75,35.5,135.25,1236987.375
292,654.5,188.97,0.23031100000000002,69.5,16.25,162.75,82.5,82.0,70.75,58.5,181.75,1420535.5
293,595.0,201.46,0.184226,69.0,27.0,122.5,83.75,69.75,58.0,42.5,191.5,1593614.375
294,528.5,185.56,0.19288,67.5,12.25,130.0,70.5,43.25,57.5,50.0,165.0,1541023.5
295,491.75,169.12,0.216042,62.0,3.5,100.75,72.5,58.25,59.75,43.0,154.0,1477962.25
296,663.5,196.1,0.21682800000000002,66.5,15.25,167.75,79.0,86.5,73.0,45.75,196.25,1283425.25
297,445.75,178.54,0.175725,68.0,10.5,93.5,80.0,56.75,42.75,34.0,128.25,1210602.75
298,593.5,213.22,0.164054,73.0,97.0,44.0,110.0,64.0,55.25,44.25,179.0,1276690.375
299,579.5,176.85,0.23283,64.5,9.5,134.5,89.5,71.5,53.0,58.25,163.25,1649419.75
300,494.75,180.56,0.190701,64.5,10.0,97.0,93.0,57.75,46.5,43.0,147.5,1434453.0
301,542.5,189.61,0.189621,70.5,13.0,115.75,75.5,64.5,51.75,46.5,175.5,1415297.125
302,572.25,194.51,0.19007000000000002,71.5,13.25,137.25,69.25,59.0,67.25,54.25,172.0,1505518.875
303,555.75,182.73,0.209152,66.0,16.0,121.75,85.0,72.75,60.25,49.25,150.75,1569540.75
304,623.5,210.63,0.17660399999999998,79.5,15.5,149.5,83.75,77.25,64.5,46.5,186.5,1527766.875
305,721.5,207.29,0.211008,75.0,1.5,121.5,158.25,90.0,82.25,77.5,190.5,1482529.75
306,542.75,187.37,0.194277,66.5,11.25,125.25,75.5,68.0,44.75,34.5,183.5,1416533.75
307,641.75,199.22,0.2032,73.5,11.5,122.0,87.0,77.75,68.0,62.25,213.25,1619835.5
308,589.75,184.32,0.21814499999999998,69.0,11.25,161.0,80.75,69.0,51.75,49.25,166.75,1430786.75
309,439.25,177.12,0.175939,64.0,22.25,100.75,73.0,48.5,47.5,30.0,117.25,1533762.625
310,569.5,196.68,0.185002,72.5,19.25,134.25,90.0,69.25,57.25,42.5,157.0,1430744.75
311,733.5,237.89,0.16287000000000001,75.5,16.75,133.5,94.0,74.25,73.5,56.25,285.25,1514891.5
312,572.0,202.58,0.17515,72.5,14.75,101.25,104.75,73.75,59.75,43.5,174.25,1368458.125
313,547.5,191.34,0.18792799999999998,69.0,15.75,119.25,67.0,62.0,70.0,45.75,167.75,1409238.25
314,487.0,180.97,0.186855,68.0,8.75,111.75,62.5,54.25,51.5,51.0,147.25,1349322.75
315,501.25,181.73,0.190723,66.0,12.25,85.0,88.75,57.0,52.5,52.25,153.5,1685222.0
316,313.5,155.37,0.16320199999999999,57.5,12.25,58.25,56.75,33.25,32.5,28.0,92.5,963621.9375
317,846.5,222.07,0.215711,79.5,24.5,200.75,118.5,94.75,85.0,86.25,236.75,1502786.625
318,686.5,207.75,0.199875,72.5,24.0,148.75,104.0,88.25,67.5,56.0,198.0,1577731.375
319,623.25,189.92,0.217126,69.0,12.0,140.0,90.75,73.25,64.5,62.75,180.0,1264614.375
320,690.25,211.55,0.19381400000000001,73.0,17.5,142.75,110.5,74.75,66.5,78.25,200.0,1539325.125
321,627.75,192.56,0.212747,69.5,14.75,164.0,96.75,64.75,54.25,48.25,185.0,1544627.0
322,755.5,219.43,0.197175,78.0,20.5,180.25,105.75,85.75,77.0,72.25,214.0,1742893.625
323,690.0,198.15,0.22084600000000001,73.5,21.25,149.0,95.75,85.75,74.25,62.25,201.75,1450061.125
324,600.5,212.6,0.166951,72.0,24.75,140.5,86.5,58.75,56.75,54.0,179.25,1483937.0
325,523.75,198.51,0.167021,76.5,60.0,0.25,127.0,63.5,48.0,43.75,181.25,1438358.625
326,665.5,210.19,0.189297,74.0,30.0,134.25,111.0,80.0,73.75,61.0,175.5,1392220.125
327,716.0,222.58,0.18161300000000002,75.0,37.0,148.0,96.75,81.0,71.25,51.25,230.75,1563555.0
328,506.25,184.68,0.186522,67.5,18.5,125.0,62.75,58.75,53.0,46.0,142.25,1352899.75
329,401.0,156.42,0.205959,55.5,11.5,65.75,87.0,50.75,39.0,31.75,115.25,1446620.0
330,554.75,171.2,0.23785900000000001,61.5,10.25,123.25,75.5,69.75,61.5,44.0,170.5,1260992.625
331,493.0,180.95,0.189201,68.5,13.0,89.75,73.5,61.25,47.0,46.25,162.25,1518273.375
332,572.0,194.68,0.189652,68.5,17.25,111.75,107.0,69.75,58.0,43.5,164.75,1471169.0
333,558.75,187.27,0.200219,68.5,12.0,115.0,81.25,65.0,51.5,52.0,182.0,1479975.0
334,475.75,174.05,0.19734300000000002,63.5,16.25,97.75,80.25,54.75,44.75,35.0,147.0,1505512.375
335,527.75,197.9,0.16933,72.5,20.75,112.5,91.0,63.0,50.0,42.5,148.0,1465094.375
336,478.5,178.46,0.188805,64.5,13.25,84.5,76.25,59.5,54.0,48.0,143.0,1373754.0
337,680.5,212.56,0.18926700000000002,81.0,18.25,149.25,110.25,77.0,69.75,58.0,198.0,1430046.75
338,566.5,190.1,0.197,66.5,18.25,93.0,89.25,54.5,64.0,51.5,196.0,1230369.0
339,883.5,247.64,0.181035,81.5,39.5,182.5,154.75,104.25,93.0,69.0,240.5,2185349.25
340,717.5,199.34,0.2269090000000001,70.5,20.0,181.75,85.0,84.0,68.75,71.25,206.75,1571530.25
341,592.75,194.02,0.197865,71.5,22.75,133.0,87.75,67.25,63.25,52.75,166.0,1367607.375
342,753.0,210.05,0.21447600000000008,78.0,16.25,179.0,107.5,88.0,80.0,72.75,209.5,1674462.375
343,553.0,203.87,0.167191,74.0,25.25,104.75,73.5,63.75,62.5,51.75,171.5,1570350.25
344,543.75,172.95,0.228429,62.0,8.25,121.5,75.25,70.25,61.0,42.25,165.25,1616497.25
345,778.0,207.05,0.22806500000000002,72.5,28.75,184.25,117.75,84.5,70.75,73.25,218.75,1598917.0
346,766.5,210.0,0.218426,75.0,19.5,200.25,104.5,95.5,73.75,60.25,212.75,1744348.625
347,661.25,195.9,0.21651700000000002,69.0,25.0,158.25,87.5,83.75,71.75,55.5,179.5,1603261.25
348,729.75,216.0,0.19656099999999999,78.5,12.25,159.0,104.0,83.5,65.75,65.25,240.0,1686111.375
349,714.25,212.92,0.197975,76.5,23.25,146.0,99.75,80.25,72.5,60.75,231.75,1673027.75
350,645.0,209.63,0.18444100000000002,78.5,18.5,150.75,84.25,69.5,50.0,63.25,208.75,1730898.75
351,712.0,201.65,0.220032,72.0,19.25,157.75,96.25,85.75,66.5,74.25,212.25,1408103.125
352,744.0,219.07,0.194819,77.5,29.5,176.0,105.75,76.25,70.5,71.5,214.5,1532498.75
353,696.5,244.38,0.146555,84.0,36.75,147.5,113.5,73.25,61.5,42.75,221.25,1759114.625
354,509.0,192.1,0.17333800000000002,70.0,13.75,110.75,82.0,58.25,47.0,31.5,165.75,1686846.125
355,595.25,194.05,0.198657,70.5,16.0,154.5,92.25,73.25,55.0,42.75,161.5,1715053.25
356,603.5,202.7,0.184574,68.0,29.5,123.25,76.25,66.75,57.5,54.75,195.5,1587752.25
357,749.5,212.0,0.20956999999999998,79.5,19.0,182.5,90.5,81.25,76.0,77.25,223.0,1724951.5
358,741.5,208.12,0.21513400000000002,72.0,23.5,188.0,105.25,84.75,68.25,59.0,212.75,1451425.5
359,759.0,212.82,0.21057800000000002,76.0,26.0,182.0,140.0,88.5,63.25,63.0,196.25,1649008.875
360,554.25,182.66,0.20875,67.5,20.5,156.5,85.5,66.0,47.25,40.75,137.75,1488702.25
361,794.25,210.41,0.22544299999999998,76.0,24.0,213.75,103.0,95.0,71.75,69.25,217.5,1500522.0
362,564.5,193.07,0.19029300000000002,69.5,30.25,142.75,77.25,58.75,50.75,41.75,163.0,1730057.25
363,801.75,219.41,0.209285,77.0,30.75,178.5,101.0,94.75,84.0,71.5,241.25,1691026.75
364,762.5,209.58,0.218146,75.5,17.25,199.75,111.0,89.5,72.25,56.5,216.25,1651842.625
365,686.75,208.12,0.199249,74.5,21.75,137.25,105.75,77.25,74.0,58.25,212.5,1530500.125
366,719.5,207.41,0.210177,72.0,23.75,143.25,113.5,86.25,72.75,58.5,221.5,1461323.75
367,693.75,192.7,0.23476799999999998,69.5,22.5,181.25,93.5,79.25,70.5,68.75,178.0,1769387.75
368,622.25,203.72,0.188406,68.5,26.25,126.75,106.25,73.75,59.5,57.0,172.75,1433084.125
369,671.0,210.12,0.19099100000000002,70.0,29.0,141.0,115.5,68.0,63.25,56.0,198.25,1623720.125
370,663.0,212.58,0.184364,77.5,16.0,150.5,117.5,73.25,62.5,54.5,188.75,1639845.625
371,631.5,192.61,0.213907,68.5,22.0,150.75,78.75,67.25,57.25,58.25,197.25,1562607.625
372,728.0,230.14,0.17273,73.5,43.5,144.5,107.25,75.5,71.75,63.75,221.75,1509682.0
373,627.5,210.7,0.177617,77.5,21.25,146.0,90.5,68.75,69.5,53.25,178.25,1431391.875
374,624.75,198.51,0.199229,74.0,17.0,140.25,91.5,86.75,64.75,49.25,175.25,1487386.25
375,754.25,228.36,0.181756,81.0,28.25,147.5,121.25,91.25,66.75,60.25,239.0,1720330.625
376,747.75,218.77,0.196326,78.5,37.5,166.5,113.75,86.25,62.25,71.75,209.75,1616945.75
377,572.25,193.15,0.19276400000000002,70.5,15.5,113.25,82.75,71.5,61.0,50.25,178.0,1462839.5
378,773.75,201.39,0.23974099999999998,75.5,12.25,198.5,101.25,92.0,91.75,65.75,212.25,1632359.0
379,767.0,218.87,0.201195,80.0,29.0,167.25,102.25,100.75,72.25,65.25,230.25,1435919.0
380,678.75,218.65,0.17840799999999998,77.5,30.75,153.25,93.5,77.0,70.75,61.25,192.25,1714883.25
381,665.25,188.85,0.234395,68.0,17.25,165.25,85.5,79.25,69.25,60.0,188.75,1477394.25
382,736.25,216.36,0.19764500000000002,77.0,21.75,163.5,117.0,88.0,70.5,62.0,213.5,1603093.25
383,578.5,214.58,0.157882,77.5,21.5,116.5,92.75,73.0,60.0,45.0,169.75,1412696.875
384,643.0,197.9,0.206308,72.0,24.0,130.75,96.0,76.75,65.5,59.0,191.0,1434464.5
385,629.75,195.8,0.20641500000000002,73.5,17.5,124.25,108.5,72.25,62.75,71.25,173.25,1549501.0
386,672.25,220.57,0.17363599999999998,74.0,34.75,126.0,104.75,86.25,73.75,60.25,186.5,1772751.125
387,911.0,230.92,0.214679,81.0,40.75,217.25,108.75,117.5,92.75,71.25,262.75,1760781.75
388,599.75,208.39,0.17355299999999999,76.5,20.25,125.0,100.5,75.25,55.0,49.5,174.25,1514999.5
389,398.0,202.36,0.122137,64.5,40.5,71.75,71.5,41.25,40.0,32.5,100.5,1340247.625
390,626.75,206.75,0.184248,76.5,30.0,124.5,97.5,81.5,56.5,57.0,179.75,1444367.75
391,765.0,211.17,0.215586,69.5,28.75,155.75,98.5,79.25,78.5,66.0,258.25,1732310.125
392,620.0,211.41,0.174323,75.0,29.5,113.5,101.0,66.0,75.25,57.0,177.75,1706991.125
393,561.0,209.61,0.16045299999999998,76.5,37.25,120.0,90.25,66.5,53.5,39.75,153.75,1528434.625
394,639.25,207.39,0.186772,78.0,18.75,166.75,78.25,79.25,70.25,41.75,184.25,1596054.0
395,663.25,217.31,0.176495,77.0,33.75,125.75,108.0,72.0,70.0,59.0,194.75,1669858.625
396,803.0,227.21,0.195469,79.5,32.5,162.5,125.0,104.5,87.25,73.25,218.0,2024151.125
397,608.5,211.17,0.171483,78.5,22.75,113.25,104.5,80.5,63.5,47.5,176.5,1656311.5
398,683.5,213.8,0.187898,78.5,26.5,144.25,105.25,79.0,68.25,57.25,203.0,1744665.375
399,583.5,202.39,0.179011,74.5,32.5,117.5,99.75,70.5,60.25,47.5,155.5,1624481.125
400,502.75,189.68,0.175595,66.0,34.75,143.25,77.25,68.0,57.25,34.75,87.5,1694357.875
401,697.0,225.92,0.17161300000000002,73.5,34.0,122.25,109.75,77.25,75.25,59.5,219.0,1560860.75
402,711.75,195.53,0.233942,67.5,16.0,183.25,119.5,85.5,69.25,58.25,180.0,1559058.625
403,571.0,201.27,0.17713299999999998,75.5,14.5,114.0,84.5,72.75,64.75,48.5,172.0,1591188.625
404,683.0,223.72,0.171478,75.0,37.25,125.25,100.0,76.0,71.25,71.25,202.0,1491890.5
405,497.25,186.61,0.17943800000000001,69.0,17.5,121.25,70.25,53.75,52.75,39.25,142.5,1553765.125
406,603.25,207.58,0.175927,75.0,29.75,127.25,83.5,69.0,66.0,53.25,174.5,1610641.625
407,768.0,210.36,0.21809699999999999,76.0,13.5,184.0,112.75,89.75,82.0,77.75,208.25,1815365.5
408,630.5,217.41,0.167625,80.0,17.0,141.75,88.75,78.75,60.5,52.5,191.25,1553111.125
409,598.75,189.73,0.20901399999999998,73.0,10.5,182.0,71.25,77.0,57.25,44.25,156.5,1687213.25
410,675.0,184.27,0.249815,68.5,13.25,180.75,92.0,88.0,71.0,59.75,170.25,1194137.5
411,648.0,207.78,0.188612,77.0,25.25,148.0,74.5,81.75,58.5,49.5,210.5,1761574.25
412,523.25,226.04,0.128695,76.0,29.75,96.0,86.75,59.0,53.75,38.0,160.0,1627153.0
413,672.5,209.8,0.191991,79.5,23.5,155.25,111.75,70.75,66.75,58.0,186.5,1588993.25
414,728.75,230.19,0.17283199999999999,82.0,35.5,130.25,127.25,91.75,78.5,71.5,194.0,1355779.875
415,538.5,214.22,0.147465,77.5,21.25,113.5,84.25,57.5,50.0,42.0,170.0,1473811.0
416,1023.75,258.74,0.19216,89.5,52.0,209.75,161.0,107.0,94.75,85.0,314.25,1894909.625
417,579.5,195.19,0.191144,68.0,22.5,119.25,79.5,75.75,65.0,57.5,160.0,1444254.0
418,753.5,218.29,0.198716,76.0,22.0,134.25,120.75,87.25,63.25,67.25,258.75,1907735.25
419,708.5,222.72,0.179482,74.0,33.25,141.25,108.25,76.25,71.0,55.75,222.75,1767702.75
420,419.0,183.85,0.15577,67.5,21.0,85.5,61.75,49.0,54.25,33.75,113.75,1492903.875
421,585.0,183.73,0.21777,66.5,23.75,155.75,82.75,75.0,55.25,46.25,146.25,1377413.5
422,570.5,199.17,0.180731,69.5,21.75,116.0,106.25,63.5,52.5,48.0,162.5,1559757.25
423,656.0,207.8,0.190902,76.5,20.25,132.5,117.0,70.5,52.25,52.0,211.5,1640348.25
424,811.25,213.7,0.223227,74.5,29.0,210.5,126.75,90.0,74.0,75.5,205.5,1758235.75
425,568.5,186.85,0.20461700000000002,68.0,16.5,116.25,90.25,68.75,54.25,52.5,170.0,1629593.625
426,775.25,220.14,0.201032,72.0,31.25,179.25,99.5,77.5,76.25,72.75,238.75,1594187.125
427,592.75,185.46,0.216563,66.0,17.25,130.25,80.5,75.0,67.0,60.0,162.75,1565637.25
428,704.25,218.43,0.18548599999999998,78.0,30.5,133.5,105.25,94.75,84.75,67.5,188.0,1466176.125
429,594.0,198.22,0.18998299999999999,70.5,16.5,133.25,84.0,65.5,49.0,54.5,191.25,1491876.0
430,564.0,200.15,0.176928,72.0,24.0,125.0,89.75,66.0,58.5,42.75,158.0,1723151.25
431,606.5,195.27,0.19988599999999998,73.0,17.0,127.5,102.25,87.5,61.5,52.5,158.25,1565358.75
432,660.0,215.87,0.177973,76.0,30.25,140.75,107.25,72.25,67.75,55.5,186.25,1751645.625
433,357.25,179.8,0.13886400000000002,60.5,18.5,80.0,61.75,37.25,33.75,21.0,105.0,1663527.75
434,765.0,207.75,0.22273,71.5,24.5,168.5,95.5,79.0,76.5,80.0,241.0,1647392.125
435,776.0,209.94,0.221239,70.0,23.25,178.5,92.5,97.75,83.5,72.75,227.75,1729362.375
436,566.25,207.22,0.165717,71.5,31.75,100.25,80.25,56.5,62.0,45.0,190.5,1632581.75
437,680.0,216.41,0.18245999999999998,77.5,33.0,134.75,112.0,73.25,67.0,69.75,190.25,1580241.125
438,525.0,182.59,0.19788699999999998,68.0,17.25,127.5,77.75,62.75,43.0,39.75,157.0,1401896.625
439,483.0,171.83,0.205565,62.0,20.25,122.0,60.0,48.0,45.5,40.0,147.25,1374699.0
440,427.25,171.61,0.182308,66.5,4.5,84.5,63.75,51.5,42.0,33.0,148.0,1454577.0
441,562.25,179.68,0.21884299999999998,65.0,20.75,139.25,75.75,60.25,57.25,51.75,157.25,1554173.0
442,459.75,173.37,0.192219,63.5,12.5,98.75,68.75,57.75,47.25,35.0,139.75,1289344.0
443,502.75,184.32,0.18596400000000002,67.5,20.75,119.75,79.75,57.5,44.0,37.75,143.25,1310098.0
444,763.75,221.75,0.195175,80.5,22.75,146.25,132.0,83.5,75.25,75.5,228.5,1700795.0
445,486.5,175.15,0.199294,60.5,17.75,89.25,82.25,46.0,44.75,58.75,147.75,1350399.0
446,656.75,202.61,0.201042,75.5,20.25,141.75,89.5,70.5,57.5,60.75,216.5,1564045.0
447,413.5,170.66,0.17840999999999999,63.0,15.25,64.25,72.5,54.0,47.0,37.25,123.25,1200943.0
448,511.0,176.2,0.206842,65.5,10.75,119.25,75.75,61.25,46.25,42.75,155.0,1419377.0
449,555.75,174.12,0.230339,62.0,0.5,119.75,121.5,67.5,57.75,43.25,145.5,1395206.0
450,537.25,181.61,0.20469400000000001,65.5,18.75,146.25,68.0,56.25,52.5,45.25,150.25,1519416.0
451,476.25,184.83,0.175182,71.0,13.75,132.0,66.0,55.75,48.5,33.0,127.25,1567658.0
452,460.75,175.1,0.188854,66.0,7.75,95.5,75.5,60.0,48.75,41.5,131.75,1226660.0
453,483.25,190.15,0.167961,68.5,18.5,120.75,67.25,52.75,45.75,35.25,143.0,1215073.0
454,374.25,172.64,0.15779400000000002,66.0,14.0,88.0,62.25,43.75,33.0,27.25,106.0,1316420.0
455,552.0,185.02,0.202624,65.5,21.5,130.25,80.75,57.75,48.5,45.25,168.0,1308187.0
456,555.0,182.73,0.20886999999999997,66.0,12.0,132.25,83.25,70.75,54.75,41.75,160.25,1354357.0
457,514.75,173.68,0.214437,63.5,12.0,125.0,85.5,65.5,50.75,39.0,137.0,1327821.0
458,468.5,177.51,0.186842,67.0,7.5,100.0,69.0,63.5,42.25,40.0,146.25,1259551.0
459,634.75,232.89,0.14706,77.0,38.0,135.0,109.25,67.5,58.25,40.75,186.0,1527700.0
460,599.0,198.85,0.190359,68.0,27.75,142.25,85.5,63.5,48.75,40.0,191.25,1346876.0
461,729.25,229.0,0.174757,78.0,46.0,164.0,121.75,77.75,52.0,46.5,221.25,1425860.0
462,689.5,216.0,0.185719,78.5,24.5,149.75,105.5,77.75,62.5,58.75,210.75,1456428.0
463,601.5,207.17,0.176119,72.5,24.0,132.25,88.75,61.5,58.25,51.75,185.0,1494867.0
464,729.0,229.45,0.174003,77.5,24.75,176.75,106.0,75.0,71.5,72.75,202.25,1583722.0
465,549.75,183.85,0.204378,66.5,17.0,140.5,94.5,67.75,45.25,41.5,143.25,1252273.0
466,577.0,182.68,0.21726900000000002,67.0,12.75,136.25,89.0,68.25,58.25,51.25,161.25,1300910.0
467,571.0,197.1,0.184711,73.5,14.75,144.5,77.5,64.0,49.25,44.25,176.75,1456741.0
468,514.0,191.56,0.176021,70.0,18.25,86.25,103.0,56.0,44.5,49.25,156.75,1419106.0
469,516.75,194.68,0.17133299999999999,71.5,16.75,117.25,78.0,58.0,48.5,41.25,157.0,1400565.0
470,421.25,180.02,0.163338,68.0,8.5,100.5,68.0,54.0,45.25,27.75,117.25,1553225.0
471,477.5,179.32,0.186612,69.0,5.25,61.5,91.75,61.75,56.25,45.5,155.5,1298739.0
472,444.75,199.44,0.14051,74.0,21.75,94.25,77.25,50.75,46.0,32.25,122.5,1684577.0
473,479.25,182.9,0.180024,68.0,17.0,119.75,64.75,55.5,50.25,34.75,137.25,1656090.0
474,835.5,208.94,0.240488,75.5,16.0,275.75,100.75,99.0,80.0,68.0,196.0,1620215.0
475,604.0,203.17,0.183883,74.5,20.75,159.5,86.75,66.0,56.5,46.5,168.0,1751569.0
476,553.25,185.05,0.203037,66.5,19.0,112.5,90.25,69.25,53.5,50.25,158.5,1405316.0
477,367.75,160.59,0.179196,61.0,10.25,86.5,64.25,47.75,40.0,29.75,89.25,1418667.0
478,612.5,197.41,0.197506,68.0,21.0,149.5,96.5,72.5,60.25,49.0,163.75,1550047.0
479,543.75,189.8,0.189673,66.0,25.5,126.25,94.0,65.25,50.25,38.5,144.0,1564774.0
480,518.5,180.8,0.199319,67.0,8.25,111.25,82.0,64.25,48.5,48.0,156.25,1607704.0
481,533.5,189.41,0.186871,65.5,17.0,99.5,65.0,56.75,64.5,58.75,172.0,1324205.0
482,487.0,170.27,0.21109499999999998,61.0,12.5,123.25,63.75,52.0,48.5,44.25,142.75,1192171.0
483,645.5,190.56,0.223379,69.5,15.75,176.0,60.25,73.75,71.5,62.75,185.5,1488763.0
484,423.25,174.54,0.174591,64.5,16.75,89.75,67.25,48.75,38.5,34.75,127.5,1129238.0
485,551.25,193.87,0.184298,69.5,21.0,125.0,84.0,66.75,59.25,40.75,154.5,1351345.0
486,752.75,219.58,0.196188,77.5,20.5,197.0,109.75,83.25,71.0,65.75,205.5,1593333.0
487,505.5,181.39,0.19306900000000002,66.5,15.5,107.5,74.25,60.0,43.25,45.5,159.5,1215275.0
488,452.25,171.83,0.192478,62.5,13.0,112.5,58.25,52.0,46.75,35.5,134.25,1283489.0
489,657.0,207.26,0.192199,70.5,27.0,141.25,110.0,71.25,59.75,63.25,184.5,1423977.0
490,526.25,178.85,0.206733,66.0,8.25,126.0,59.5,56.0,54.5,52.5,169.5,1467889.0
491,506.0,189.8,0.176505,68.5,13.5,110.0,77.5,57.5,48.5,46.25,152.75,1185621.0
492,370.75,165.37,0.170369,58.5,12.5,90.75,74.5,44.25,33.0,26.75,89.0,1344032.0
493,566.25,201.22,0.17574800000000002,67.5,27.25,120.5,86.0,54.5,52.0,43.25,182.75,1676454.0
494,530.5,184.92,0.194944,63.0,17.0,92.75,79.25,55.75,51.5,60.75,173.5,1286756.0
495,698.25,199.15,0.221248,71.5,19.5,162.5,95.75,80.5,65.25,59.75,215.0,1348166.0
496,697.5,205.75,0.20704499999999998,76.0,20.5,175.25,102.75,84.5,67.25,64.5,182.75,1530268.0
497,652.5,202.68,0.199601,72.5,20.25,131.75,99.75,83.25,57.75,55.25,204.5,1427646.0
498,549.5,182.56,0.20718899999999998,69.0,3.75,112.5,89.75,69.25,57.75,45.25,171.25,1406861.0
499,585.0,190.58,0.202399,72.0,10.25,122.0,97.25,77.0,55.0,52.25,171.25,1494116.0
500,598.75,188.2,0.212439,67.5,22.25,166.0,66.0,68.75,66.0,44.75,165.0,1709047.0
501,541.0,187.32,0.193754,69.5,21.5,133.75,82.75,62.25,53.5,39.0,148.25,1340567.0
502,468.75,179.1,0.183646,65.5,9.25,102.25,60.75,52.0,55.0,45.75,143.75,1306240.0
503,675.0,220.34,0.174717,76.5,35.5,148.5,94.75,71.5,64.5,51.0,209.25,1532382.0
504,452.5,173.49,0.188923,63.0,17.75,91.0,70.25,50.25,45.75,34.75,142.75,1152015.0
505,585.0,194.61,0.194104,71.0,20.25,116.5,80.25,68.75,71.5,52.5,175.25,1742394.0
506,589.75,192.22,0.20058299999999998,69.5,21.5,138.0,85.5,73.25,69.25,49.0,153.25,1596233.0
507,945.25,237.62,0.210369,82.5,34.25,190.5,120.25,107.25,98.0,104.25,290.75,1683612.0
508,613.75,194.58,0.203705,65.0,16.0,156.25,91.75,69.0,68.75,48.25,163.75,1528819.0
509,758.5,228.87,0.18195899999999998,81.5,39.5,157.5,109.0,90.0,87.25,59.75,215.5,1722359.0
510,627.5,193.39,0.21084499999999998,71.0,13.75,156.5,108.25,77.75,55.75,51.5,164.0,1284097.0
511,810.25,219.58,0.21117399999999997,84.0,16.5,188.25,103.75,92.75,90.75,84.0,234.25,1656791.0
512,846.0,233.79,0.194497,80.5,30.0,164.25,140.0,99.5,81.25,89.0,242.0,1684593.0
513,520.75,184.25,0.192771,69.5,21.75,130.5,95.75,61.5,49.0,37.25,125.0,1697644.0
514,734.5,210.36,0.208583,76.5,20.5,170.5,103.25,91.0,68.5,69.75,211.0,1508587.0
515,607.5,195.12,0.200525,70.0,28.5,122.75,87.0,76.5,69.0,56.0,167.75,1322235.0
516,608.0,204.51,0.182678,74.0,22.5,128.5,90.25,73.0,58.0,44.5,191.25,1560937.0
517,554.75,188.73,0.195712,72.5,11.25,128.25,68.5,67.0,63.5,55.25,161.0,1399062.0
518,436.25,173.32,0.182499,63.5,19.5,103.0,60.75,48.5,45.25,36.0,123.25,1370408.0
519,786.25,210.77,0.222402,75.5,22.25,192.5,103.0,96.75,86.75,70.5,214.5,1766403.0
520,679.0,226.24,0.166705,80.0,37.0,118.5,115.0,81.0,66.25,48.25,213.0,1476947.0
521,632.5,205.92,0.18743800000000002,77.0,18.5,158.5,94.5,75.25,57.25,51.25,177.25,1388100.0
522,732.75,206.92,0.215052,77.5,21.75,199.5,100.0,86.75,68.25,63.75,192.75,1487285.0
523,509.5,196.61,0.165631,74.0,16.25,108.75,77.75,61.25,45.0,40.75,159.75,1457712.375
524,772.75,206.24,0.228304,70.5,31.5,194.5,95.5,90.0,72.25,66.25,222.75,1566355.875
525,786.25,208.7,0.226838,73.5,32.5,204.5,98.25,96.5,82.25,64.0,208.25,1679490.5
526,698.25,214.31,0.191047,76.0,27.75,158.25,104.0,84.0,68.0,64.0,192.25,1337601.0
527,622.25,208.15,0.180484,73.5,38.5,137.5,104.75,74.75,58.0,44.25,164.5,1693883.875
528,552.5,187.02,0.198493,70.5,15.0,129.25,91.0,69.25,54.5,47.0,146.5,1449994.5
529,730.0,221.17,0.18754,76.0,35.25,157.0,121.25,80.5,69.5,55.25,211.25,1655554.375
530,592.5,186.02,0.215158,68.0,16.5,130.5,81.5,66.25,56.25,57.5,184.0,1409826.375
531,525.75,196.29,0.171475,71.5,17.75,111.75,89.75,61.25,53.25,38.25,153.75,1628307.75
532,755.25,216.05,0.203334,79.0,27.5,216.75,107.0,85.75,57.25,63.5,197.5,1787224.25
533,620.75,212.17,0.17329,77.0,24.75,125.5,102.25,76.75,52.25,46.75,192.5,1436107.25
534,733.5,245.74,0.152632,79.0,36.75,136.75,125.0,71.25,58.25,57.0,248.5,1611354.25
535,565.5,204.58,0.16979,75.5,19.0,111.25,99.25,66.25,54.0,43.5,172.25,1705432.125
536,646.75,211.63,0.181463,76.0,33.0,126.75,102.0,72.0,56.0,60.0,197.0,1607480.375
537,694.25,208.87,0.199967,75.0,23.75,165.75,105.25,84.5,68.25,54.5,192.25,1321498.5
538,650.25,226.0,0.15999000000000002,81.0,25.25,115.25,127.25,76.25,62.0,56.0,188.25,1665867.75
539,663.25,212.65,0.18431,74.5,32.75,136.75,102.5,80.25,76.25,59.75,175.0,1614525.875
540,823.0,229.14,0.196978,78.5,38.75,188.25,132.5,95.25,80.5,69.25,218.5,1461463.75
541,592.25,200.68,0.1848,73.5,29.0,132.75,87.0,69.25,57.75,59.75,156.75,1421705.625
542,871.5,244.67,0.18293900000000002,82.0,32.25,150.5,164.75,96.25,77.25,56.5,294.0,1804646.375
543,535.75,193.56,0.179697,71.0,21.5,110.75,77.5,65.5,54.25,43.25,163.0,1569281.25
544,754.25,214.38,0.206233,73.5,30.25,174.25,122.5,99.25,80.25,63.5,184.25,1760898.75
545,608.25,203.8,0.184023,73.5,22.0,144.25,85.75,72.5,64.75,43.5,175.5,1489658.625
546,712.75,213.0,0.197428,80.5,20.0,168.75,107.5,76.0,69.75,79.25,191.5,1502373.0
547,563.0,187.25,0.201786,68.0,20.5,109.75,73.5,65.5,62.0,49.0,182.75,1429242.625
548,528.0,174.54,0.2178,67.0,7.25,105.75,89.0,59.5,46.25,50.5,169.75,1481676.125
549,843.25,233.94,0.193615,83.5,36.75,154.0,124.5,92.0,73.75,90.5,271.75,1618476.625
550,570.75,206.1,0.168857,73.0,22.75,104.25,91.75,60.5,58.5,46.25,186.75,1562008.75
551,654.25,227.53,0.15880899999999998,77.0,31.5,114.5,108.5,69.75,56.0,49.0,225.0,1489648.25
552,447.25,169.02,0.196726,62.0,9.25,86.5,92.0,61.25,44.25,35.5,118.5,1463819.75
553,478.5,178.73,0.18823,63.5,13.5,103.0,85.0,56.25,47.75,41.25,131.75,1413161.875
554,419.75,167.32,0.188416,59.0,11.25,71.75,87.25,47.0,43.5,40.25,118.75,1718614.0
555,677.25,211.16,0.19087300000000001,71.0,31.0,134.0,105.25,88.25,72.0,66.0,180.75,1628886.125
556,613.5,201.72,0.189458,70.0,21.75,139.75,106.25,71.0,53.75,52.75,168.25,1630406.25
557,583.75,201.51,0.180653,74.0,18.5,117.5,103.25,66.0,53.25,48.25,177.0,1465817.5
558,596.5,195.12,0.196894,69.0,15.0,125.5,91.75,67.75,63.25,54.0,179.25,1393727.375
559,438.75,173.95,0.182205,67.5,5.0,94.25,70.0,53.0,47.0,35.0,134.5,1416963.625
560,717.0,219.24,0.18745599999999998,73.5,26.75,141.75,107.0,80.0,70.5,65.75,225.25,1604293.75
561,542.75,194.61,0.180085,70.5,18.5,117.25,106.25,62.0,53.75,40.75,144.25,1733012.0
562,447.75,188.92,0.157642,68.5,13.5,83.25,88.0,57.25,43.5,38.0,124.25,1503862.0
563,527.75,181.15,0.20210699999999998,66.5,15.5,115.75,87.5,60.75,49.25,50.5,148.5,1436037.375
564,505.75,177.78,0.20108099999999998,67.0,11.75,93.75,74.25,65.25,51.5,47.75,161.5,1254893.75
565,515.75,188.07,0.183226,70.5,10.0,108.25,72.0,63.25,45.75,40.75,175.75,1327546.375
566,568.25,201.87,0.175222,72.0,14.75,115.5,119.0,71.0,48.25,40.25,159.5,1691888.625
567,611.25,189.92,0.212946,65.0,32.0,149.5,94.0,70.75,58.75,47.25,159.0,1621254.25
568,538.75,179.9,0.20918,64.5,19.25,139.25,64.5,59.5,51.25,42.25,162.75,1754990.625
569,574.25,202.46,0.176049,70.5,24.5,112.0,83.0,61.25,57.5,51.0,185.0,1641472.375
570,673.75,204.82,0.20181300000000002,72.0,23.5,135.0,107.5,77.5,63.75,66.0,200.5,1648312.875
571,563.25,184.9,0.207025,70.5,10.25,122.75,79.25,75.75,54.0,49.25,172.0,1569127.875
572,688.0,201.46,0.21302100000000002,70.0,19.75,166.0,83.5,75.5,65.25,59.0,219.0,1333815.25
573,439.75,191.78,0.15024500000000002,70.5,11.0,77.25,82.75,52.0,42.75,31.5,142.5,1461086.875
574,509.75,171.49,0.217819,58.5,18.75,113.25,75.25,55.25,41.75,43.75,161.75,1497108.5
575,502.25,178.61,0.19784100000000002,66.0,12.75,110.5,84.0,64.0,50.0,41.0,140.0,1419302.625
576,705.75,192.24,0.239985,64.0,18.25,151.0,119.5,81.25,67.75,72.75,195.25,1578329.125
577,565.75,190.2,0.19653099999999998,69.5,16.75,125.0,83.25,58.25,55.5,46.5,180.5,1513147.0
578,651.25,182.2,0.246536,66.5,20.0,162.0,90.5,95.0,75.5,49.5,158.75,1438862.125
579,601.75,199.36,0.19026300000000002,68.5,25.25,134.0,99.0,65.75,57.25,61.0,159.5,1525402.0
580,532.25,182.1,0.20171,67.5,13.25,131.25,74.5,59.75,58.0,45.25,150.25,1378244.5
581,750.75,221.77,0.19181700000000002,78.0,17.75,152.5,125.0,82.5,62.25,67.25,243.5,1561049.0
582,536.0,200.39,0.167737,63.5,39.5,113.75,78.0,63.75,58.5,39.25,143.25,1612020.875
583,545.25,202.51,0.167076,76.0,19.5,121.5,88.75,63.0,56.75,44.75,151.0,1666543.5
584,586.0,190.63,0.202638,65.5,25.25,137.75,112.75,68.25,49.75,47.0,145.25,1500535.625
585,595.75,212.58,0.165663,72.5,38.5,136.25,86.0,62.75,57.75,47.25,167.25,1718198.125
586,492.25,192.78,0.166442,71.5,18.0,106.75,84.75,57.75,49.25,37.5,138.25,1335424.625
587,580.5,197.07,0.187824,69.5,23.25,118.25,83.25,64.75,63.25,42.0,185.75,1615782.875
588,619.5,193.05,0.20889699999999997,68.0,18.0,145.25,92.0,74.0,59.5,61.25,169.5,1555030.875
589,572.25,192.7,0.193652,68.5,17.0,143.25,92.0,70.25,51.75,51.5,146.5,1578623.375
590,533.25,199.58,0.16823,74.5,6.75,129.25,63.0,71.5,54.75,44.25,163.75,1641723.0
591,473.5,177.32,0.189246,65.5,11.25,126.5,89.5,49.25,39.0,33.75,124.25,1351008.625
592,573.75,178.32,0.22674899999999998,63.0,17.5,148.5,86.0,69.25,50.5,46.0,156.0,1623699.5
593,481.75,182.0,0.182756,68.5,20.0,128.75,70.75,56.0,49.75,37.0,119.5,1273077.375
594,629.5,189.41,0.22049699999999997,65.5,19.25,140.0,97.5,74.0,62.0,58.75,178.0,1391811.0
595,513.5,177.44,0.20495300000000002,62.0,17.5,99.5,80.25,63.0,54.25,41.25,157.75,1456106.0
596,523.0,177.68,0.208175,62.0,21.5,138.5,61.25,66.75,56.75,24.25,154.0,1464052.5
597,519.25,190.65,0.179516,68.0,5.5,115.75,75.75,69.75,58.0,40.0,154.5,1401642.0
598,518.25,185.61,0.18903599999999998,66.0,20.25,115.75,85.25,58.0,54.75,42.25,142.0,1340647.75
599,486.0,184.8,0.178826,68.5,12.25,109.5,81.25,60.25,50.0,38.25,134.5,1306011.75
600,626.75,210.41,0.177899,71.5,34.25,134.0,107.0,65.25,50.0,50.25,186.0,1464454.75
601,504.5,190.41,0.174862,69.5,14.5,112.0,89.5,65.5,48.25,35.0,139.75,1456486.125
602,613.0,204.65,0.183924,69.5,20.0,117.25,102.75,67.0,55.25,55.25,195.5,1456687.625
603,471.0,175.32,0.19256700000000002,67.5,5.75,89.5,84.25,57.5,51.5,40.5,142.0,1450756.0
604,593.5,193.49,0.199213,73.0,15.75,152.0,81.75,66.75,53.75,47.5,176.0,1592788.25
605,397.75,183.81,0.14793699999999999,70.5,14.0,89.5,61.5,48.75,36.0,26.5,121.5,1274143.875
606,558.5,181.49,0.213075,68.5,9.0,92.5,85.75,67.5,57.5,72.25,174.0,1652057.5
607,567.0,212.19,0.158254,73.5,28.75,122.25,91.0,64.75,54.75,48.5,157.0,1573047.625
608,566.75,197.44,0.182699,75.0,15.25,121.25,88.0,64.0,52.25,49.75,176.25,1312658.125
609,585.0,210.7,0.165588,74.5,21.75,107.0,99.0,76.75,57.25,49.5,173.75,1405120.125
610,444.5,171.44,0.190048,63.0,6.75,103.0,73.0,55.0,45.0,35.25,126.5,1486964.5
611,565.5,205.75,0.16786199999999998,75.0,10.75,90.0,116.0,71.5,54.5,48.5,174.25,1364307.0
612,601.0,205.53,0.178785,73.5,14.5,110.0,110.75,67.75,58.75,58.0,181.25,1497489.75
613,645.25,200.02,0.202679,73.5,4.75,161.0,80.25,82.0,64.0,61.25,192.0,1603887.875
614,599.25,176.37,0.242092,62.0,14.0,158.0,77.25,76.5,59.5,46.75,167.25,1455128.375
615,648.0,197.73,0.208273,74.5,14.75,167.5,86.0,84.5,63.5,47.0,184.75,1951956.0
616,495.75,189.39,0.17368599999999998,67.0,20.25,112.25,73.25,53.75,47.5,39.25,149.5,1414734.875
617,451.25,160.25,0.220827,53.5,12.0,96.5,86.0,47.5,43.75,41.75,123.75,1435474.75
618,574.75,206.77,0.168927,73.5,18.0,121.25,88.5,64.0,58.25,58.25,166.5,1531753.25
619,578.25,210.87,0.163411,76.0,28.5,132.5,100.5,65.25,52.0,47.75,151.75,1545661.5
620,670.5,195.29,0.22093200000000002,70.5,14.25,153.0,92.25,82.0,51.0,65.75,212.25,1543381.375
621,484.5,182.32,0.183167,66.0,20.5,98.25,83.0,58.0,40.0,38.75,146.0,1335455.625
622,676.0,185.05,0.248085,65.5,14.0,191.0,88.25,86.25,72.0,57.75,166.75,1500996.875
623,512.5,179.42,0.20006600000000002,64.5,16.25,127.5,68.75,55.5,50.5,41.25,152.75,1504147.5
624,563.0,189.56,0.196891,65.5,15.75,135.75,87.0,62.25,58.75,46.0,157.5,1547191.125
625,513.75,206.82,0.150925,74.5,20.25,113.0,82.5,53.0,53.0,37.5,154.5,1470414.875
626,644.5,202.85,0.196821,74.0,32.0,156.25,103.75,81.5,63.25,40.0,167.75,1681542.125
627,524.0,193.51,0.175847,72.5,11.0,113.75,91.75,66.75,56.5,36.5,147.75,1349943.125
628,497.75,192.22,0.169293,70.5,13.5,102.0,87.75,58.75,44.25,44.75,146.75,1282015.0
629,587.75,198.85,0.186784,75.5,14.75,133.5,92.0,69.25,53.25,52.25,172.75,1624627.375
630,477.25,189.0,0.167902,70.0,4.75,88.75,77.75,59.0,47.5,41.25,158.25,1508329.875
631,625.25,205.31,0.186401,66.5,28.25,121.5,98.25,81.25,64.5,43.75,187.75,1375893.0
632,459.25,168.49,0.20329,61.5,14.75,134.5,58.0,53.75,50.75,34.0,113.5,1489123.875
633,463.75,179.85,0.18016,64.5,11.5,94.5,72.75,51.5,44.25,37.25,152.0,1318671.0
634,508.5,185.25,0.18620899999999999,66.0,15.5,124.75,68.25,54.5,49.5,38.5,157.5,1445503.625
635,486.25,178.15,0.19253900000000002,66.0,11.0,121.5,71.75,48.5,45.25,46.25,142.0,1469471.375
636,515.5,179.39,0.201303,66.5,8.75,108.5,78.5,58.5,53.0,49.25,159.0,1336709.0
637,465.25,175.85,0.189059,63.5,13.75,98.5,61.75,50.25,52.25,43.0,145.75,1390473.375
638,535.25,199.65,0.168741,70.0,32.25,92.75,99.0,65.75,53.25,49.25,143.0,1456655.125
639,560.75,187.51,0.200416,66.5,9.5,119.5,92.5,75.75,60.0,42.75,160.75,1618191.5
640,616.0,198.51,0.196439,70.0,24.5,127.75,111.25,74.5,62.75,52.75,162.5,1595697.25
641,486.0,183.34,0.181694,63.0,23.0,75.5,102.0,61.5,55.5,42.75,125.75,1525914.875
642,552.75,199.94,0.173747,68.5,31.75,120.5,92.5,56.25,44.75,50.5,156.5,1416769.875
643,537.0,193.58,0.180078,64.0,16.5,134.5,66.25,55.0,52.5,48.0,164.25,1388714.75
644,432.0,168.42,0.191389,62.0,10.0,89.0,57.75,51.25,43.0,37.5,143.5,1162634.375
645,555.25,201.97,0.171044,71.0,23.75,119.75,93.0,61.75,51.5,41.5,164.0,1300799.0
646,484.25,165.88,0.221146,61.0,12.75,117.5,69.75,63.5,54.75,35.25,130.75,1200748.25
647,588.25,197.75,0.189029,73.0,17.75,129.5,80.75,59.25,59.75,59.25,182.0,1215431.5
648,382.75,186.68,0.138014,69.5,12.25,89.5,53.25,43.25,40.5,30.25,113.75,1188568.125
649,612.0,187.9,0.21781799999999998,68.0,25.25,185.75,48.0,57.75,60.0,60.5,174.75,1186892.125
650,615.75,195.66,0.202119,73.5,13.75,166.5,88.75,74.5,64.75,47.5,160.0,1414165.625
651,607.5,199.15,0.192493,71.0,15.75,121.75,96.25,70.0,64.25,45.75,193.75,1134660.5
652,603.5,195.15,0.19914500000000002,71.5,12.75,154.5,100.25,72.75,64.0,40.0,159.25,1109399.75
653,548.5,203.94,0.165715,74.0,16.75,95.5,83.5,58.75,61.5,58.25,174.25,1371478.0
654,575.5,199.32,0.182039,72.0,19.75,112.75,93.5,69.25,54.75,50.0,175.5,1500174.25
655,610.5,205.92,0.180918,76.5,16.5,125.0,90.5,74.5,64.25,54.0,185.75,1543656.0
656,405.5,174.68,0.166997,59.5,17.5,60.5,70.75,50.5,44.75,33.0,128.5,1266346.625
657,577.0,185.41,0.21092199999999997,69.0,12.5,120.5,87.0,75.75,57.75,54.0,169.5,1461227.75
658,420.75,163.83,0.196986,60.0,9.0,82.5,54.5,59.75,50.25,34.25,130.5,1226165.5
659,521.25,190.8,0.179923,66.0,20.5,134.75,89.75,48.5,48.0,49.0,130.75,1527127.25
660,524.5,186.32,0.189867,66.5,17.5,123.5,91.75,60.75,43.75,38.75,148.5,1381591.25
661,949.25,218.82,0.249117,76.5,26.0,237.75,112.0,124.5,106.25,92.0,250.75,1889725.125
662,736.5,211.51,0.206882,78.0,22.5,163.0,126.0,90.75,79.0,62.5,192.75,1445700.0
663,365.0,168.54,0.161473,60.5,14.75,95.0,75.75,39.75,33.0,26.0,80.75,1370757.25
664,605.5,208.34,0.17530199999999999,72.0,71.5,0.0,190.25,70.25,67.5,54.5,151.5,1370703.875
665,604.0,191.2,0.20763,67.5,12.75,123.25,99.0,80.5,60.75,49.5,178.25,1463617.75
666,508.25,186.61,0.183407,66.0,20.0,119.0,77.75,47.25,60.75,38.5,145.0,1519977.25
667,552.75,173.73,0.230134,62.5,9.75,155.0,72.5,67.0,56.75,44.5,147.25,1401246.0
668,499.5,204.94,0.14944200000000002,67.0,14.0,86.25,84.75,53.0,59.0,43.0,159.5,1590649.0
669,587.5,176.85,0.236044,61.0,19.25,113.5,90.25,70.75,50.5,66.0,177.25,1346712.0
670,697.5,197.02,0.22579499999999997,71.5,4.75,181.5,66.25,70.75,73.5,56.25,244.5,1445858.25
671,672.5,200.7,0.209796,73.5,16.25,111.75,113.0,90.75,93.0,70.75,177.0,1488445.0
672,526.0,181.05,0.20166099999999998,67.0,3.0,87.25,101.75,71.0,64.75,52.75,145.5,1545483.375
673,608.25,214.17,0.16664400000000001,73.0,25.5,142.75,96.5,68.0,52.75,42.75,180.0,1484796.75
674,669.0,212.17,0.18675899999999998,76.0,31.0,154.75,105.75,79.5,53.5,52.5,192.0,1651604.25
675,612.0,193.73,0.204909,68.5,16.0,126.5,83.75,73.5,57.75,65.5,189.0,1320226.375
676,468.5,167.66,0.209439,60.0,15.25,114.0,73.0,43.75,33.0,43.0,146.5,1402105.25
677,590.0,204.1,0.17799,71.0,27.25,92.0,96.0,59.0,60.25,54.25,201.25,1401645.0
678,440.75,191.51,0.151015,66.5,14.5,80.75,59.75,36.5,47.5,39.0,162.75,1445291.75
679,589.75,191.73,0.2016,70.5,17.75,119.75,83.5,69.25,69.75,56.75,173.0,1791162.625
680,492.5,172.39,0.20825700000000005,61.5,17.75,87.75,77.5,60.5,54.75,48.0,146.25,1188852.75
681,567.75,184.27,0.21012199999999998,67.5,11.5,130.75,75.25,72.25,66.5,47.5,164.0,1380660.375
682,509.25,181.25,0.194806,67.0,15.0,119.5,74.25,40.75,43.25,53.0,163.5,1426984.0
683,553.75,190.1,0.19256600000000001,68.5,16.5,78.0,88.75,71.75,58.25,57.5,183.0,1444618.75
684,555.25,207.82,0.161551,71.0,32.5,108.5,70.5,68.5,69.5,43.0,162.75,1583218.25
685,600.25,199.34,0.189828,72.0,21.5,126.25,90.75,61.0,54.25,57.75,188.75,1546411.75
686,844.25,225.55,0.20854,79.0,20.0,201.5,117.75,90.0,77.75,85.5,251.75,1857678.75
687,565.75,182.32,0.21388400000000002,69.5,9.5,122.5,65.5,68.0,76.5,65.75,158.0,1517178.25
688,477.0,186.95,0.171499,66.5,16.25,84.0,70.5,57.75,55.75,36.75,156.0,1418384.5
689,595.0,190.95,0.205056,72.0,11.75,151.25,75.25,63.25,52.0,51.0,190.5,1522130.5
690,544.0,201.19,0.168891,68.0,30.5,71.5,111.75,66.25,65.75,53.75,144.5,1450759.375
691,583.5,191.92,0.19906400000000002,64.5,18.5,133.75,66.5,75.75,61.5,47.75,179.75,1487752.5
692,734.25,218.89,0.19256800000000002,72.5,48.75,118.0,116.25,93.25,71.5,68.75,217.75,1508714.125
693,623.0,217.09,0.166123,72.5,35.0,124.5,94.25,69.0,66.25,64.0,170.0,1383938.75
694,554.75,199.51,0.175137,70.5,23.0,84.75,114.0,54.0,43.5,58.75,176.75,1308606.125
695,693.0,202.51,0.21234899999999998,67.5,27.25,124.0,123.0,71.5,62.75,77.25,207.25,1500565.25
696,593.0,184.49,0.218939,65.0,15.5,159.75,77.25,64.0,38.5,42.5,195.5,1581204.875
697,497.25,186.32,0.180002,69.0,20.75,107.25,76.75,58.5,48.75,37.75,147.5,1444968.5
698,593.5,209.38,0.170122,69.5,29.0,139.25,85.25,70.0,58.5,35.75,175.75,1532218.0
699,654.25,196.97,0.211902,71.0,16.75,150.25,79.75,74.5,59.0,63.0,211.0,1256063.0
700,587.0,196.07,0.191869,72.5,18.75,164.0,94.5,70.25,50.25,37.25,152.0,1211052.875
701,727.0,202.29,0.223257,73.0,11.75,165.0,94.5,78.25,81.5,69.5,226.5,1530743.0
702,826.25,218.8,0.21687800000000002,80.0,21.75,169.75,113.25,90.0,90.25,89.5,251.75,1572201.875
703,571.0,220.07,0.14816300000000002,79.0,24.25,102.25,85.0,73.5,61.25,45.25,179.5,1639506.5
704,559.0,181.66,0.21286300000000002,66.5,12.0,143.5,76.25,74.75,59.5,47.75,145.25,1650714.5
705,677.5,209.36,0.19423900000000002,75.5,51.25,1.5,206.5,69.25,65.75,76.25,207.0,1527693.875
706,572.0,201.44,0.17714100000000002,77.0,11.25,115.5,88.0,65.75,47.0,47.5,197.0,1592262.25
707,575.75,213.24,0.159117,75.5,28.25,114.25,97.75,74.0,64.5,36.25,160.75,1417683.5
708,586.0,205.63,0.174153,73.5,90.25,0.25,151.75,71.0,68.0,48.0,156.75,1398853.375
709,825.25,204.61,0.24770799999999998,73.5,6.75,192.25,121.0,102.25,97.75,70.75,234.5,1788645.0
710,842.75,207.0,0.247166,74.5,19.5,184.0,101.25,104.25,91.75,95.75,246.25,1608800.75
711,776.0,233.89,0.178251,82.0,34.0,127.25,141.0,94.25,79.25,68.5,231.75,1770378.75
712,615.25,187.27,0.220464,68.0,14.25,122.0,97.75,69.75,60.5,57.75,193.25,1654280.25
713,545.0,183.93,0.20243699999999998,75.5,0.25,123.0,67.25,53.5,63.5,55.25,182.25,1572885.375
714,609.75,212.17,0.170219,80.5,11.5,128.75,82.25,76.25,62.5,48.5,200.0,1445948.375
715,469.25,189.56,0.164105,70.5,15.0,108.75,71.75,57.0,60.0,39.0,117.75,1468501.625
716,433.75,178.97,0.170164,63.0,21.75,88.5,70.5,47.5,46.75,45.25,113.5,1504398.375
717,546.75,204.17,0.164827,73.5,29.5,99.0,87.25,68.0,65.75,49.5,147.75,1244002.125
718,499.25,183.61,0.186095,65.5,22.5,137.5,49.0,53.5,43.5,33.5,159.75,1341918.625
719,553.25,188.44,0.19579000000000002,68.0,13.25,166.5,70.5,58.5,31.5,49.75,163.25,1443037.0
720,577.75,197.68,0.185788,72.5,15.25,128.25,102.75,64.25,55.25,52.5,159.5,1441888.25
721,480.0,194.29,0.159794,72.5,8.75,71.75,89.0,60.75,49.0,49.0,151.75,1269006.625
722,475.5,174.44,0.19637000000000002,61.0,16.5,87.0,87.75,49.25,44.25,40.75,150.0,1454791.875
723,464.5,171.0,0.19961099999999998,62.5,12.5,105.25,75.25,59.75,47.5,36.75,127.5,1254560.125
724,537.75,190.39,0.186427,68.0,20.75,133.5,80.25,53.5,52.25,44.0,153.5,1320834.125
725,457.5,176.15,0.185292,63.0,16.0,68.75,86.75,54.5,49.0,47.5,135.0,1181424.625
726,441.0,172.12,0.187051,64.0,11.25,95.25,73.5,33.75,29.5,48.5,149.25,1184386.625
727,571.25,200.1,0.179292,71.0,19.25,105.0,83.25,63.0,63.0,51.5,186.25,1512637.625
728,666.0,178.15,0.263714,62.5,12.75,147.25,99.75,77.75,71.25,74.0,183.25,1329594.875
729,601.25,205.07,0.179671,68.5,18.75,152.5,104.25,64.0,53.75,52.25,155.75,1281419.5
730,554.5,182.37,0.209515,67.5,11.0,121.5,98.75,65.5,54.5,45.75,157.5,1352311.25
731,629.25,207.92,0.18290399999999998,73.0,24.25,141.25,94.75,77.25,50.75,51.0,190.0,1502759.125
732,572.25,189.32,0.200639,69.0,5.5,82.5,99.25,66.75,62.0,58.0,198.25,1358964.0
733,380.25,187.97,0.135233,71.0,5.0,60.75,54.0,32.75,34.0,38.5,155.25,1243639.5
734,613.0,194.0,0.20468599999999998,69.5,22.5,74.5,102.75,91.75,70.0,65.25,186.25,1195856.5
735,516.5,183.54,0.192674,69.0,14.25,114.0,73.25,68.5,53.25,45.5,147.75,1290347.125
736,710.75,242.89,0.15138800000000002,86.0,82.75,0.0,198.5,76.75,72.0,59.5,221.25,1514340.125
737,561.75,191.34,0.19281900000000002,67.5,28.0,119.5,81.5,65.5,57.0,50.5,159.75,1442649.0
738,434.0,193.61,0.145493,70.0,28.25,52.5,92.0,49.75,43.75,38.25,129.5,1204586.375
739,601.75,198.61,0.1917,75.5,18.25,115.25,103.75,73.25,61.0,44.25,186.0,1407619.375
740,681.25,195.39,0.22424299999999997,70.0,10.25,169.25,90.25,80.5,65.75,57.75,207.5,1431087.0
741,648.25,192.68,0.21941799999999997,65.5,14.25,141.0,102.25,80.5,51.5,59.25,199.5,1304086.75
742,618.75,190.61,0.214009,67.5,15.0,119.0,101.75,70.75,58.0,58.5,195.75,1191512.75
743,514.0,195.0,0.169874,72.5,10.75,86.25,92.0,74.75,61.75,41.5,147.0,1248529.875
744,504.25,191.75,0.172335,67.5,25.5,84.0,88.25,46.5,61.75,45.75,152.5,1198067.0
745,570.5,208.17,0.165441,74.5,26.0,104.25,90.75,63.75,53.75,45.75,186.25,1198720.0
746,697.5,218.36,0.183828,73.5,25.25,101.75,133.0,91.5,73.75,53.75,218.5,1416772.5
747,572.0,195.63,0.187815,66.0,31.25,142.25,82.25,58.5,50.5,46.75,160.5,1279388.625
748,497.0,178.63,0.19572799999999999,65.0,10.0,104.0,78.75,62.25,46.25,46.5,149.25,1292078.125
749,515.25,193.44,0.173038,71.0,14.5,114.75,86.75,55.25,47.25,37.75,159.0,1284507.75
750,574.75,196.0,0.18801800000000002,71.5,13.5,114.25,92.25,73.5,64.25,45.25,171.75,1646228.375
751,527.0,178.2,0.20855700000000002,65.5,13.75,116.75,65.0,56.75,57.5,60.75,156.5,1358257.75
752,635.5,200.58,0.198494,70.0,19.25,137.75,121.25,72.5,58.0,48.0,178.75,1474010.5
753,585.5,193.56,0.196384,69.0,21.25,138.5,70.5,58.75,51.25,56.5,188.75,1558139.75
754,493.0,188.49,0.174375,71.0,17.5,98.75,86.75,57.25,48.5,41.75,142.5,1418813.875
755,552.0,201.54,0.17077699999999998,77.0,12.5,97.0,89.0,69.75,57.25,47.0,179.5,1439242.875
756,547.25,189.68,0.191138,65.5,11.75,92.5,86.5,62.25,68.0,49.75,176.5,1308977.125
757,783.25,227.43,0.190289,79.0,141.0,0.25,219.0,91.0,73.0,61.25,197.75,1707247.5
758,552.5,194.75,0.183053,72.5,18.5,110.75,74.25,72.75,63.5,56.25,156.5,1532277.875
759,784.5,217.05,0.20926799999999998,81.0,20.75,195.0,130.25,107.75,74.75,60.0,196.0,1700830.25
760,631.25,199.05,0.20022,70.5,21.5,145.75,100.5,76.5,70.75,55.25,161.0,1367661.0
761,500.0,172.9,0.21017199999999997,64.5,5.0,105.25,89.0,67.0,46.5,39.0,148.25,1429737.375
762,553.0,208.16,0.160379,69.0,30.0,120.5,101.25,73.25,58.5,47.5,122.0,1469382.0
763,534.5,171.27,0.22898600000000002,61.0,8.25,111.75,72.0,64.75,64.5,53.5,159.75,1447889.25
764,437.5,179.56,0.170517,66.0,10.25,96.25,54.75,43.25,41.0,44.75,147.25,1280273.125
765,626.5,211.73,0.17561400000000002,78.0,19.0,127.75,101.5,77.0,59.75,61.0,180.5,1436472.25
766,568.25,198.44,0.181341,69.5,16.0,105.75,88.5,58.5,37.25,52.5,209.75,1490868.25
767,524.75,169.68,0.22903099999999998,59.0,11.25,140.0,72.0,57.0,53.25,45.0,146.25,1493153.125
768,556.5,185.85,0.202459,66.0,16.0,112.25,100.0,65.25,50.75,50.25,162.0,1478025.75
769,712.5,231.21,0.16749,74.5,43.0,142.25,110.25,67.0,70.0,74.25,205.75,1572140.625
770,620.5,202.17,0.19078,68.5,40.0,93.25,109.75,71.75,60.75,64.0,181.0,1543673.25
771,522.75,186.68,0.188496,68.0,20.5,95.25,66.0,59.0,45.5,54.25,182.25,1455992.875
772,388.0,162.66,0.18428,59.0,14.5,85.25,65.25,39.0,34.75,29.75,119.5,1365793.5
773,636.75,180.34,0.24603899999999998,61.0,26.25,148.5,95.0,64.5,71.25,65.75,165.5,1496430.25
774,557.0,184.27,0.206143,69.5,11.75,99.5,92.5,71.75,67.25,52.0,162.25,1563512.875
775,417.5,177.49,0.166542,66.5,11.5,73.75,65.5,71.75,43.25,32.75,119.0,1322464.75
776,511.5,177.85,0.203205,63.5,15.0,116.0,73.75,54.75,47.5,48.0,156.5,1481620.75
777,522.0,190.39,0.18096700000000002,64.0,24.0,104.0,88.75,49.0,42.5,46.5,167.25,1651779.875
778,605.75,205.29,0.180624,72.5,29.0,116.75,88.5,59.75,69.75,57.25,184.75,1561076.375
779,595.75,200.94,0.185405,70.5,20.5,115.5,94.0,62.75,57.0,62.25,183.75,1572135.375
780,612.5,186.44,0.22143400000000002,69.5,9.25,133.75,104.75,68.5,59.25,59.25,177.75,1566113.125
781,411.0,169.63,0.17949,62.5,3.25,54.75,85.25,47.75,41.75,42.25,136.0,1350665.0
782,513.5,202.92,0.15670499999999998,72.5,19.25,69.25,99.25,59.5,55.0,42.5,168.75,1371017.75
783,551.5,195.44,0.18144100000000002,74.5,13.5,122.5,83.25,70.75,60.25,45.5,155.75,1475735.5
784,664.25,205.7,0.197271,69.5,11.5,118.75,108.0,68.0,75.25,62.0,220.75,1562437.0
785,812.0,220.38,0.210098,76.5,129.5,92.0,75.0,102.0,74.0,92.25,247.25,1703393.25
786,560.0,228.36,0.134946,76.0,32.75,103.5,92.25,56.75,47.75,38.5,188.5,1623215.375
787,589.5,182.87,0.221509,63.0,9.5,120.25,82.75,78.0,66.75,65.25,167.0,1340508.875
788,865.25,215.53,0.234064,76.0,12.25,185.75,127.25,94.5,85.75,91.75,268.0,1608493.625
789,744.5,213.73,0.204803,78.5,23.5,141.0,136.75,94.75,74.75,66.75,207.0,1657812.75
790,538.0,186.9,0.19353499999999998,66.5,22.0,99.5,104.5,52.5,48.75,46.0,164.75,1406333.25
791,601.0,168.9,0.264734,63.5,1.25,111.0,108.25,77.25,70.25,58.75,174.25,1460800.875
792,650.5,225.41,0.160884,81.5,13.0,106.0,111.5,79.25,68.5,44.5,227.75,1769782.875
793,605.5,206.56,0.178333,76.0,18.25,117.25,106.25,69.75,62.0,48.5,183.5,1612197.625
794,810.5,205.46,0.241274,74.0,17.75,262.5,77.5,107.5,87.0,66.25,192.0,1500748.75
795,564.75,196.9,0.18304600000000001,76.0,16.25,115.75,88.0,71.5,57.0,50.25,166.0,1529309.25
796,635.25,194.02,0.212052,72.0,14.5,150.25,116.0,64.75,47.0,47.75,195.0,1663446.625
797,689.25,221.7,0.176217,74.5,32.5,126.25,127.5,81.25,70.25,55.0,196.5,1647272.5
798,706.5,223.87,0.17714000000000002,80.5,23.0,161.75,110.75,92.0,69.75,53.0,196.25,1591078.5
799,762.75,211.05,0.21519899999999997,77.5,23.75,172.0,111.25,92.25,76.5,72.75,214.25,1411869.375
800,554.25,186.78,0.199639,75.0,3.5,129.75,80.75,77.25,62.75,49.5,150.75,1301964.0
801,650.0,206.46,0.191626,74.5,27.5,118.25,97.75,88.0,73.25,56.0,189.25,1646076.75
802,541.25,174.39,0.223652,60.5,11.75,127.5,90.5,63.5,48.5,50.5,149.0,1447121.75
803,517.5,180.0,0.200724,63.0,12.0,145.5,74.0,55.25,48.75,35.5,146.5,1214414.0
804,583.75,194.56,0.19378900000000002,69.0,19.0,130.5,96.75,73.0,56.0,41.5,167.0,1595660.375
805,551.5,191.34,0.189301,60.0,18.75,110.25,105.0,61.5,48.25,48.5,159.25,1406762.875
806,608.0,213.87,0.16703199999999999,71.5,29.25,106.75,91.0,58.75,64.25,50.0,208.0,1784279.0
807,528.75,189.27,0.18548599999999998,69.0,19.75,119.5,79.75,58.5,52.25,47.25,151.75,1556096.875
808,432.5,176.83,0.17381,67.5,10.25,101.25,45.25,60.25,44.5,37.75,133.25,1319529.75
809,633.25,199.78,0.199376,71.5,22.5,131.75,81.5,63.5,60.0,53.0,221.0,1677951.625
810,730.25,218.82,0.191643,78.5,17.25,157.75,107.75,86.5,64.0,68.75,228.25,1721688.125
811,654.25,207.1,0.191696,72.0,33.25,106.0,97.0,86.25,85.5,58.25,188.0,1447302.625
812,516.25,188.22,0.183127,65.5,17.75,80.0,91.25,57.75,59.5,50.0,160.0,1434322.875
813,624.0,206.56,0.183782,74.5,18.75,121.0,106.75,68.25,58.75,47.25,203.25,1587499.5
814,668.25,193.1,0.225219,69.0,14.5,153.75,82.75,79.5,70.25,67.5,200.0,1753565.0
815,546.75,181.34,0.20893899999999999,65.5,11.25,114.0,81.25,63.75,50.25,60.5,165.75,1875922.0
816,649.25,190.27,0.225369,72.0,11.5,161.5,98.25,76.5,57.5,58.75,185.25,1446406.0
817,684.25,200.82,0.213204,69.5,28.5,165.75,92.75,77.25,69.25,71.75,179.0,1619624.0
818,771.5,214.92,0.20989899999999997,72.0,33.5,143.75,135.75,82.0,56.0,87.25,233.25,1717373.0
819,598.25,200.1,0.18776600000000002,70.0,23.25,108.5,108.75,66.25,53.75,63.5,174.25,1748176.0
820,632.25,191.63,0.21635500000000002,71.0,17.75,166.25,89.25,81.75,65.25,59.5,152.5,1604595.0
821,532.25,190.02,0.185228,69.5,22.75,117.5,84.5,65.5,58.0,43.75,140.25,1482511.0
822,621.75,202.68,0.190195,75.5,21.75,127.75,95.5,65.75,55.75,63.25,192.0,1745474.0
823,841.0,225.36,0.208092,81.0,24.25,192.25,132.75,109.5,77.25,74.0,231.0,1686800.0
824,697.75,223.97,0.17480199999999999,79.5,18.0,119.25,101.75,77.0,82.5,76.5,222.75,1752008.0
825,542.75,194.75,0.179823,69.5,20.0,114.5,100.0,72.75,64.25,37.0,134.25,1564258.0
826,705.0,230.7,0.166455,84.0,25.25,117.0,116.5,81.0,74.75,59.0,231.75,1587862.625
827,480.75,179.85,0.186764,62.0,19.0,103.75,76.75,57.75,42.75,33.0,147.75,1450472.125
828,517.0,198.02,0.165677,76.0,13.25,88.0,80.0,61.25,57.75,48.5,168.25,1303953.75
829,578.25,194.61,0.191864,72.0,16.25,125.75,107.5,69.75,47.75,42.0,169.25,1532958.75
830,799.25,215.19,0.2169,79.0,26.0,164.5,123.5,99.75,98.5,78.0,209.0,1746648.875
831,722.5,217.07,0.192692,75.0,30.75,167.0,90.25,82.75,75.5,67.5,208.75,1586032.5
832,606.0,199.63,0.19108499999999998,69.5,19.5,145.5,80.5,65.5,62.5,53.0,179.5,1554149.75
833,597.75,192.2,0.203348,70.0,19.25,154.0,86.25,76.0,71.5,42.25,148.5,1379388.75
834,797.0,219.92,0.207073,80.0,21.75,153.0,118.75,101.25,76.25,77.25,248.75,1598696.75
835,548.75,197.56,0.17668,73.5,18.0,107.75,78.75,74.25,60.75,48.75,160.5,1546443.625
836,419.25,168.2,0.186231,63.0,5.0,67.25,71.0,44.0,44.25,49.5,138.25,1464743.0
837,636.0,189.12,0.223465,61.5,25.5,138.5,83.5,76.5,62.25,62.5,187.25,1296305.875
838,598.0,201.87,0.184396,69.5,28.0,123.75,110.5,70.5,56.0,47.75,161.5,1563913.375
839,429.25,159.3,0.212573,61.0,5.25,82.25,75.25,45.75,42.0,45.25,133.5,1192560.0
840,572.75,198.8,0.182109,69.0,23.75,119.5,102.5,70.25,47.75,39.0,170.0,1569856.5
841,391.75,173.22,0.164074,64.0,15.0,86.5,68.0,50.0,42.5,31.25,98.5,1231283.5
842,445.75,177.66,0.17746800000000001,67.5,12.75,102.5,70.0,55.5,48.5,34.0,122.5,1363011.125
843,462.75,183.49,0.172718,65.5,18.0,97.0,79.0,47.75,41.75,38.0,141.25,1377375.75
844,629.0,188.2,0.22317199999999998,68.5,14.0,149.5,98.0,60.75,53.25,69.25,184.25,1536604.75
845,612.5,191.2,0.21055100000000002,72.5,16.25,147.0,99.25,78.0,51.75,50.0,170.25,1483667.0
846,400.25,175.1,0.164056,63.0,13.25,75.25,68.5,45.25,40.25,41.75,116.0,1305828.0
847,609.25,190.02,0.212025,67.5,18.75,125.5,99.5,66.5,60.75,65.25,173.0,1183296.625
848,605.5,210.85,0.171145,79.5,18.75,134.5,84.25,62.0,56.75,53.25,196.0,1430032.25
849,556.0,217.58,0.147585,64.0,44.0,65.25,85.25,50.25,51.5,47.5,212.25,1567580.875
850,424.25,191.68,0.145102,71.0,11.25,89.5,80.0,53.75,38.5,37.25,114.0,1312700.75
851,518.0,196.1,0.16927899999999999,71.0,14.75,98.25,72.5,58.25,49.5,51.5,173.25,1337893.625
852,567.0,200.97,0.176406,74.0,17.5,110.0,92.25,65.25,49.25,48.5,184.25,1491054.625
853,388.5,207.53,0.113354,69.5,3.5,70.25,68.5,41.25,35.75,28.25,141.0,1248579.375
854,377.25,155.47,0.19613599999999998,58.0,11.75,96.0,49.5,39.0,37.75,29.75,113.5,1461730.0
855,529.0,198.0,0.169573,68.0,30.0,106.0,92.5,59.5,46.75,43.0,151.25,1405939.5
856,605.0,203.05,0.184408,71.0,38.25,152.5,96.75,67.75,60.75,40.5,148.5,1441636.75
857,503.5,208.75,0.14519300000000002,73.0,34.25,98.75,97.25,53.75,47.75,42.25,129.5,1364671.5
858,482.0,183.1,0.180676,66.0,16.75,126.75,63.25,49.0,42.5,40.0,143.75,1430552.625
859,630.5,187.92,0.224352,69.0,10.25,155.25,69.75,80.0,65.0,62.75,187.5,1284102.375
860,587.5,186.85,0.2114550000000001,68.0,20.75,142.0,79.0,70.0,53.5,50.5,171.75,1281204.125
861,470.0,159.25,0.2329,60.0,7.0,116.5,63.5,59.0,42.5,39.5,142.0,1258984.0
862,520.5,184.75,0.191624,64.5,20.75,108.75,86.5,58.25,51.5,54.25,140.5,1379508.25
863,471.75,177.9,0.187307,66.5,10.0,101.5,61.25,56.5,43.75,44.5,154.25,1221912.0
864,369.75,161.76,0.17757,61.0,12.5,77.25,73.25,31.75,27.5,33.25,114.25,1273634.25
865,521.25,175.56,0.212522,62.5,13.5,113.0,72.25,59.0,49.25,56.0,158.25,1195023.25
866,676.25,201.75,0.20877600000000002,72.0,22.0,134.0,91.75,77.5,65.5,69.0,216.5,1394433.625
867,350.0,164.3,0.162938,61.0,4.0,44.25,71.75,47.25,27.5,35.5,119.75,1312287.0
868,428.75,166.02,0.195465,60.0,14.5,84.0,71.75,49.5,39.5,42.75,126.75,1229241.75
869,523.0,189.07,0.183842,72.5,12.0,133.0,69.5,59.75,46.25,37.25,165.25,1277924.375
870,339.5,170.12,0.147405,65.5,10.0,63.25,62.75,38.5,28.75,25.0,111.25,1374216.875
871,578.5,195.6,0.190006,68.0,20.75,127.5,94.5,66.25,58.75,57.0,153.75,1533533.75
872,589.5,178.15,0.233422,65.5,10.0,158.0,78.0,63.5,54.75,53.25,172.0,1352775.75
873,512.5,180.49,0.197698,67.0,14.5,128.25,72.25,68.25,51.0,31.75,146.5,1376900.625
874,430.5,178.83,0.169158,66.0,16.5,91.25,76.25,47.25,33.25,32.5,133.5,1256767.125
875,428.75,175.2,0.175536,65.0,12.0,82.5,78.5,51.0,42.5,37.25,125.0,1292153.625
876,516.0,190.87,0.177978,69.0,16.25,98.25,92.75,66.0,66.25,47.75,128.75,1335050.375
877,563.25,178.61,0.22186999999999998,64.5,18.25,140.25,70.5,67.5,55.75,48.25,162.75,1454416.875
878,637.75,191.61,0.21828499999999998,69.5,15.75,168.75,92.25,85.25,65.5,43.0,167.25,1412283.625
879,519.75,181.56,0.19813599999999998,65.0,19.0,127.0,78.25,63.0,51.25,41.75,139.5,1272322.875
880,550.75,168.56,0.243588,59.0,8.25,140.5,87.5,61.0,54.5,49.75,149.25,1124174.5
881,706.25,204.53,0.212154,71.5,13.25,165.25,96.0,83.25,66.0,59.5,223.0,1450392.0
882,755.75,211.87,0.21156,75.0,23.75,158.5,121.0,94.0,73.5,65.75,219.25,1688607.625
883,490.25,176.27,0.198283,65.0,14.75,112.0,60.25,56.0,54.0,44.5,148.75,1267066.875
884,538.5,179.85,0.2092,64.0,12.25,99.75,91.75,62.25,52.25,50.75,169.5,1201518.0
885,483.0,185.51,0.17637,66.5,15.75,117.25,74.25,54.25,46.5,38.75,136.25,1367643.625
886,787.0,212.51,0.218991,79.5,19.75,186.0,109.0,95.75,71.5,71.25,233.75,1405275.625
887,573.0,188.92,0.201739,64.5,23.0,145.25,76.25,78.25,59.75,40.0,150.5,1377968.5
888,655.5,208.0,0.190404,75.5,23.25,133.25,108.5,77.25,56.75,57.5,199.0,1511749.25
889,503.25,170.07,0.21863200000000002,59.5,14.25,111.75,72.25,49.75,46.5,46.5,162.25,1302445.25
890,495.75,180.42,0.191388,64.5,13.25,117.75,65.25,58.25,49.5,32.75,159.0,1420458.0
891,616.0,191.15,0.211866,66.0,18.0,127.0,95.25,64.25,56.75,54.75,200.0,1458183.625
892,539.25,196.58,0.17535499999999998,68.5,21.5,121.75,96.0,68.5,51.75,38.75,141.0,1303101.625
893,509.0,201.8,0.157063,72.0,15.5,90.75,83.5,50.75,46.0,43.5,179.0,1352032.875
894,619.25,191.17,0.212937,67.0,26.5,137.25,97.0,74.0,55.75,59.25,169.5,1344967.25
895,455.25,171.78,0.193868,63.5,15.25,88.5,82.0,59.25,43.0,34.25,133.0,1437981.625
896,357.25,154.45,0.188201,60.5,6.5,79.0,47.25,31.5,29.5,36.0,127.5,1287030.0
897,553.5,205.44,0.164802,74.5,26.0,119.75,86.75,64.5,58.25,40.5,157.75,1505096.5
898,622.25,202.41,0.19086,69.5,26.5,121.75,110.75,79.0,64.0,41.0,179.25,1436388.0
899,544.0,182.85,0.204458,63.0,14.0,113.75,74.5,54.25,56.75,53.25,177.5,1370971.25
900,744.75,201.22,0.23114899999999997,73.0,22.25,178.0,91.25,84.75,74.25,75.75,218.5,1466185.25
901,464.25,181.63,0.17684,66.0,10.5,99.5,88.0,60.5,50.75,36.75,118.25,1277426.5
902,449.0,172.25,0.190176,64.0,13.5,110.75,61.25,50.5,43.5,34.5,135.0,1197709.25
903,629.25,218.94,0.164954,76.5,37.25,130.75,100.0,70.0,52.75,51.0,187.5,1490766.0
904,511.5,178.27,0.202261,65.0,10.25,120.0,75.75,57.0,48.25,42.75,157.5,1269948.0
905,457.25,184.53,0.168743,63.5,13.5,91.0,80.0,59.25,51.0,31.25,131.25,1403259.625
906,688.25,197.75,0.221163,69.0,23.0,130.0,81.25,75.5,78.0,70.75,229.75,1306762.875
907,501.0,173.54,0.20905100000000001,63.5,10.5,106.25,73.0,59.5,51.5,37.5,162.75,1405408.875
908,539.75,203.27,0.16416,76.0,18.0,118.5,86.75,58.5,41.75,42.25,174.0,1495303.25
909,502.25,191.44,0.172215,69.5,18.0,127.75,80.5,58.5,49.0,33.5,135.0,1512662.5
910,570.5,203.22,0.173599,72.5,27.25,123.0,81.5,70.5,54.25,42.25,171.75,1276946.5
911,574.25,194.34,0.191071,71.0,18.5,142.5,72.5,67.25,58.75,48.0,166.75,1446958.875
912,549.25,191.0,0.18920599999999999,66.0,20.5,124.0,86.0,63.5,50.5,50.75,154.0,1593387.625
913,626.25,207.63,0.182546,75.0,27.0,130.25,101.5,72.25,59.75,53.25,182.25,1502644.875
914,565.75,196.32,0.18446600000000002,70.5,20.5,130.0,95.5,63.25,45.5,36.75,174.25,1462902.0
915,544.5,178.68,0.214313,63.0,12.25,143.5,74.0,60.0,49.5,52.25,153.0,1233062.5
916,533.0,184.8,0.19611900000000002,65.5,27.5,112.75,81.75,64.0,54.25,44.75,148.0,1393354.875
917,545.75,192.12,0.185813,67.5,19.0,126.5,88.5,62.25,56.25,40.25,153.0,1476733.25
918,630.25,206.46,0.185803,73.5,22.5,126.5,106.75,75.75,60.0,57.5,181.25,1533732.0
919,538.25,197.12,0.17407999999999998,65.0,23.5,117.25,71.25,55.5,49.0,47.75,174.0,1108864.875
920,591.75,193.63,0.19833399999999998,69.5,20.0,163.5,74.75,65.75,57.5,57.5,152.75,1472575.25
921,662.5,196.63,0.215324,70.5,25.75,152.5,95.75,71.0,59.5,62.0,196.0,1455309.625
922,637.25,210.7,0.180377,76.0,21.5,133.0,105.25,74.0,56.25,62.25,185.0,1447642.875
923,515.75,171.97,0.21914,62.5,14.75,121.0,75.0,68.0,52.75,45.25,139.0,1319162.5
924,579.25,195.51,0.190432,73.5,16.5,162.75,87.5,76.0,60.0,40.25,136.25,1461610.875
925,618.25,207.07,0.181199,73.5,19.25,137.75,102.0,67.75,64.75,46.75,180.0,1202331.625
926,525.75,197.97,0.168567,74.0,19.25,109.25,85.75,69.5,49.5,40.75,151.75,1305868.875
927,568.5,193.53,0.19074000000000002,71.0,14.25,138.25,76.5,80.25,59.75,50.25,149.25,1349984.5
928,459.25,188.73,0.16202,73.0,3.25,123.25,63.5,58.5,51.75,33.5,125.5,1298005.25
929,554.0,197.44,0.178589,70.0,30.25,130.0,82.0,61.5,55.25,42.75,152.25,1415746.875
930,595.0,214.12,0.16309,73.5,22.5,102.0,112.25,60.0,58.0,47.75,192.5,1312106.5
931,527.25,188.2,0.18707100000000002,68.5,29.0,122.75,73.0,62.0,50.0,42.5,148.0,1343195.875
932,509.75,180.15,0.19738699999999998,66.0,18.25,116.5,70.25,59.25,52.5,44.0,149.0,1313161.25
933,555.25,200.34,0.173849,72.0,22.0,108.75,83.25,62.0,55.75,48.75,174.75,1451551.25
934,585.25,208.19,0.169685,75.0,26.0,121.25,90.5,62.0,59.5,54.5,171.5,1333332.0
935,489.75,188.88,0.172505,72.5,11.5,109.5,77.75,60.5,47.25,36.5,146.75,1387461.625
936,590.0,195.51,0.193966,74.0,8.0,127.25,88.0,71.25,60.5,52.0,183.0,1408628.5
937,676.75,209.94,0.192943,76.0,16.75,147.0,94.0,71.5,66.25,70.5,210.75,1525237.25
938,614.5,196.92,0.199129,72.0,19.25,144.5,105.25,71.25,56.5,44.0,173.75,1525645.25
939,517.75,185.02,0.190052,68.0,19.0,111.5,79.0,63.5,51.0,42.0,151.75,1173508.875
940,544.25,188.97,0.19151500000000002,65.5,21.5,107.0,101.25,68.0,49.75,37.0,159.75,1404801.625
941,581.75,180.2,0.225142,64.5,15.75,129.75,73.75,68.5,53.5,49.25,191.25,1347093.625
942,501.0,169.83,0.218277,62.5,11.5,122.5,61.75,64.5,51.25,38.5,151.0,1267976.5
943,545.25,180.51,0.210283,67.0,17.75,126.25,87.5,72.0,54.25,48.5,139.0,1530168.0
944,629.75,202.75,0.19250699999999998,70.5,26.5,140.75,118.25,77.75,62.0,46.0,158.5,1402104.0
945,606.75,182.54,0.228827,64.0,21.25,154.5,83.75,69.75,56.0,44.5,177.0,1383370.875
946,688.25,206.92,0.201992,75.0,31.25,164.25,102.25,73.0,58.5,64.5,194.5,1416064.875
947,515.5,202.6,0.157817,70.0,32.75,105.0,76.75,67.0,51.75,38.75,143.5,1375454.5
948,569.25,189.63,0.198927,69.0,26.25,143.5,71.25,57.75,55.0,52.5,163.0,1339059.625
949,461.75,184.83,0.169849,67.5,17.5,98.5,80.75,52.5,40.25,36.75,135.5,1189567.25
950,601.5,206.49,0.177277,77.0,17.25,147.5,94.0,73.25,57.5,38.0,174.0,1562881.25
951,563.25,194.37,0.187354,70.5,16.25,116.0,84.75,70.25,51.25,43.25,181.5,1279489.125
952,449.25,172.97,0.188684,63.0,12.0,100.25,58.5,64.25,55.0,34.0,125.25,1276141.25
953,555.0,183.32,0.207537,64.0,17.25,138.5,83.0,64.0,55.0,41.25,156.0,1607859.625
954,590.0,194.82,0.19533499999999998,68.0,17.5,128.75,89.25,62.5,58.75,66.25,167.0,1392837.625
955,607.5,194.92,0.20092100000000002,69.5,18.25,128.75,75.75,66.0,63.25,58.0,197.5,1400980.875
956,595.0,205.8,0.176533,76.0,28.75,136.0,91.25,72.5,62.5,55.5,148.5,1635166.875
957,611.25,194.05,0.203996,72.5,14.75,172.0,82.5,75.75,61.0,45.0,160.25,1493331.625
958,603.25,187.85,0.21481799999999998,68.5,23.0,146.25,82.5,66.25,57.25,58.25,169.75,1482781.25
959,502.0,177.75,0.199656,63.5,15.5,113.0,80.0,65.75,63.0,51.0,113.75,1451256.0
960,584.0,208.53,0.168765,74.0,29.0,120.5,89.25,70.5,53.0,54.0,167.75,1519203.625
961,654.75,216.26,0.17593,71.5,28.25,118.25,101.25,69.5,67.0,67.25,203.25,1364875.25
962,687.75,218.26,0.181425,75.0,36.75,138.0,113.75,77.0,64.75,65.75,191.75,1510027.25
963,579.0,184.32,0.214169,68.0,10.0,140.25,94.75,57.0,48.0,57.0,172.0,1358813.25
964,527.75,189.44,0.1848,70.0,17.75,122.0,69.25,62.25,48.25,48.5,159.75,1449222.0
965,517.75,186.75,0.186551,66.0,16.25,116.5,75.25,64.75,56.75,41.25,147.0,1396135.25
966,733.75,207.46,0.21423499999999998,73.5,24.0,186.5,103.75,81.0,61.5,71.25,205.75,1663743.625
967,548.0,181.32,0.209465,67.5,11.0,151.5,70.5,65.25,50.5,44.75,154.5,1326477.625
968,600.25,188.39,0.21253699999999998,63.5,21.25,130.25,89.0,68.5,63.5,45.5,182.25,1300237.25
969,484.25,188.63,0.171022,64.0,18.0,113.5,90.75,55.5,44.0,36.25,126.25,1456525.25
970,630.0,204.51,0.189288,75.5,18.0,126.0,93.5,81.0,64.25,52.25,195.0,1456588.875
971,457.25,200.17,0.14340999999999998,71.5,19.25,87.75,84.75,47.75,39.0,30.75,148.0,1333123.25
972,719.75,203.63,0.21812399999999998,71.5,22.0,207.75,79.0,76.5,65.5,54.75,214.25,1468983.625
973,546.75,182.68,0.2058780000000001,67.0,8.0,159.75,69.25,59.25,50.5,44.75,155.25,1568090.5
974,487.5,181.32,0.18634,64.0,23.0,109.75,66.75,52.0,44.5,41.75,149.75,1525593.625
975,771.25,207.05,0.226086,76.5,22.25,186.75,107.25,94.25,82.75,71.5,206.5,1545580.0
976,644.5,219.34,0.168347,81.5,27.5,122.25,103.75,71.5,76.25,64.0,179.25,1538466.0
977,732.5,195.34,0.24123699999999998,69.0,13.0,168.0,90.25,86.0,85.75,72.5,217.0,1518257.0
978,553.5,177.12,0.221701,67.0,12.25,128.75,65.5,65.0,56.75,53.25,172.0,1373060.0
979,408.0,154.83,0.213869,55.5,2.0,87.25,82.0,53.0,40.75,35.25,107.75,1375293.0
980,652.25,197.73,0.209639,69.5,24.25,149.25,72.5,83.5,70.25,55.75,196.75,1596538.0
981,582.5,222.55,0.14779,73.5,26.5,117.75,81.5,65.5,53.5,57.5,180.25,1372671.0
982,660.75,201.82,0.203847,68.0,25.25,141.0,110.25,74.75,61.25,57.25,191.0,1288472.0
983,704.5,208.46,0.203726,73.5,29.75,140.25,98.25,83.0,74.25,74.75,204.25,1549448.0
984,575.75,201.53,0.17814000000000002,71.0,26.5,138.0,65.0,63.75,52.0,52.25,178.25,1598254.0
985,629.5,204.53,0.189099,74.5,17.0,135.75,112.25,75.5,62.5,51.25,175.25,1714392.0
986,572.25,193.97,0.191121,71.0,20.5,128.25,88.75,68.0,53.75,52.0,161.0,1639864.0
987,723.5,209.87,0.206411,73.5,32.75,142.75,100.5,86.5,77.75,74.0,209.25,1571631.0
988,666.0,220.92,0.171474,82.5,23.75,144.0,99.0,72.5,72.0,72.0,182.75,1578270.0
989,841.5,222.77,0.21307800000000002,76.5,37.0,176.75,143.0,100.75,82.5,77.0,224.5,1851485.25
990,697.5,211.41,0.196113,74.0,31.75,168.75,94.0,75.25,60.25,67.25,200.25,1547494.875
991,694.5,208.36,0.20102799999999998,75.0,18.5,179.5,95.25,78.75,70.75,62.0,189.75,1723963.75
992,628.5,196.46,0.20463,69.0,26.0,133.5,96.0,79.5,60.75,55.5,177.25,1429134.375
993,674.0,195.58,0.22141999999999998,69.5,17.5,130.0,91.75,75.25,82.75,70.5,206.25,1588985.5
994,576.0,187.63,0.2056,69.0,13.5,147.5,82.75,68.75,55.75,48.5,159.25,1408378.0
995,641.75,202.51,0.19664500000000001,74.0,26.25,164.25,78.5,81.75,72.75,48.25,170.0,1639271.0
996,597.0,220.77,0.153919,79.0,32.75,121.0,84.5,72.5,59.5,56.5,170.25,1504958.0
997,677.75,216.48,0.18173699999999998,76.0,26.5,134.5,126.25,74.0,56.75,62.5,197.25,1466587.0
998,646.5,205.34,0.192681,74.5,18.75,154.25,76.0,64.25,58.0,63.0,212.25,1509587.0
999,705.75,213.75,0.194106,76.0,25.75,136.25,98.75,74.25,79.5,68.25,223.0,1547540.0
1000,676.25,210.63,0.191546,76.0,26.0,149.75,100.0,70.75,59.25,62.25,208.25,1576006.0
1001,542.0,197.22,0.17511400000000002,69.0,20.5,121.5,78.25,53.25,50.75,39.75,178.0,1327624.0
1002,687.0,215.22,0.186386,78.0,23.75,163.5,95.0,76.75,65.75,52.0,210.25,1427929.0
1003,643.0,196.61,0.20903000000000002,74.0,17.75,170.25,101.0,83.75,58.75,49.5,162.0,1555608.0
1004,678.75,215.22,0.184148,77.5,17.5,149.5,106.25,72.5,65.25,59.25,208.5,1458806.0
1005,548.75,195.22,0.180946,68.5,25.75,110.5,84.25,61.0,58.5,51.75,157.0,1415006.0
1006,534.5,202.0,0.16461800000000001,73.0,20.25,111.5,103.0,67.25,45.25,43.0,144.25,1527435.0
1007,497.25,189.05,0.174845,64.0,19.25,104.75,84.0,55.75,51.75,40.0,141.75,1443227.0
1008,587.0,181.97,0.222755,63.0,19.5,144.5,72.25,69.75,57.25,45.75,178.0,1433480.0
1009,550.5,181.27,0.210537,63.5,21.5,167.0,53.75,64.5,63.25,40.25,140.25,1459616.0
1010,527.25,178.32,0.20837199999999997,64.0,12.0,110.75,92.25,58.5,48.5,43.75,161.5,1366951.0
1011,563.5,176.12,0.22829899999999997,62.5,12.5,133.25,78.5,70.0,61.0,60.75,147.5,1333222.0
1012,662.0,210.89,0.187041,75.0,24.25,140.25,88.25,75.0,62.5,69.5,202.25,1584579.0
1013,518.75,184.51,0.191483,63.5,26.25,112.0,75.5,52.75,56.5,44.5,151.25,1440139.0
1014,514.5,189.63,0.179794,71.0,12.25,114.0,86.75,64.5,49.25,46.0,141.75,1316587.0
1015,662.0,205.0,0.197962,74.5,18.25,150.75,79.0,72.25,65.25,65.5,211.0,1603353.0
1016,549.0,202.41,0.16839200000000001,61.0,15.75,70.75,77.5,44.0,56.5,79.5,205.0,1541011.0
1017,781.0,224.65,0.194465,80.5,26.0,182.25,105.75,82.5,76.25,72.75,235.5,1555218.0
1018,637.0,197.68,0.204842,71.5,22.75,157.0,93.5,72.5,64.0,53.25,174.0,1318040.0
1019,700.5,207.05,0.20534699999999997,71.5,36.75,143.25,120.25,75.75,68.25,58.25,198.0,1283768.0
1020,693.25,214.72,0.188948,71.5,38.75,143.0,116.0,76.25,71.25,61.25,186.75,1545909.0
1021,697.25,216.5,0.18692999999999999,68.0,45.75,137.5,103.5,69.25,69.5,81.5,190.25,1338585.0
1022,746.75,234.12,0.171207,80.5,47.75,162.5,116.0,85.0,79.5,49.25,206.75,1607144.0
1023,644.75,201.92,0.198713,72.0,21.0,138.25,93.5,68.5,58.0,63.0,202.5,1468671.0
1024,685.75,203.34,0.208419,73.0,27.5,155.0,104.75,85.5,69.75,61.75,181.5,1467209.0
1025,605.75,203.05,0.184636,71.0,23.25,124.5,98.5,68.0,55.5,55.25,180.75,1561872.0
1026,653.5,198.97,0.207425,69.5,24.25,140.25,94.75,86.0,72.5,48.25,187.5,1616745.0
1027,729.0,219.58,0.189998,78.5,29.25,146.5,120.25,91.75,70.25,61.0,210.0,1437594.0
1028,479.5,177.78,0.190644,66.0,13.0,114.75,61.5,55.5,48.25,40.0,146.5,1318456.0
1029,776.25,213.75,0.213496,73.5,20.75,166.25,95.5,80.25,79.5,71.75,262.25,1740570.0
1030,646.25,208.77,0.18632100000000001,72.5,13.0,139.75,88.75,84.25,58.5,50.5,211.5,1718834.0
1031,638.5,216.94,0.17048,79.5,26.5,161.75,94.25,70.0,54.0,56.75,175.25,1840341.0
1032,610.75,205.7,0.181383,75.5,8.5,118.75,103.25,68.75,63.5,57.0,191.0,1638925.0
1033,649.0,213.8,0.17841400000000002,78.5,30.25,151.25,99.25,64.25,44.5,55.25,204.25,1654247.0
1034,633.75,203.8,0.19173800000000002,68.5,36.0,135.75,85.75,72.0,63.5,50.75,190.0,1522946.0
1035,404.75,192.56,0.13717200000000002,68.5,25.75,80.0,75.5,55.75,49.25,29.75,88.75,1690392.0
1036,787.0,225.29,0.194854,79.5,39.25,163.5,120.75,89.25,78.25,67.0,229.0,1835256.0
1037,789.25,224.77,0.19630699999999998,79.5,38.25,187.25,107.75,81.0,83.5,69.5,222.0,1738719.0
1038,645.25,215.05,0.17533900000000002,78.5,31.75,170.75,92.0,80.5,58.75,51.5,160.0,2093175.0
1039,737.5,239.62,0.161405,81.5,37.25,158.0,119.0,89.0,76.75,54.5,203.0,1512905.375
1040,514.0,194.34,0.171024,72.0,12.25,102.75,84.5,64.5,51.5,43.0,155.5,1621995.0
1041,723.75,216.77,0.193547,74.5,35.5,182.75,91.5,78.0,64.5,66.0,205.5,1740112.0
1042,728.5,218.7,0.191396,78.5,29.5,157.75,116.75,95.75,69.5,62.0,197.25,1852343.0
1043,583.0,217.43,0.154967,74.0,42.0,126.75,92.25,68.0,60.5,42.75,150.75,1737898.0
1044,738.25,209.92,0.21051799999999998,76.0,23.5,161.25,110.75,93.25,73.5,64.75,211.25,1917587.0
1045,617.75,183.87,0.229606,62.0,20.0,134.0,84.25,84.75,67.0,54.75,173.0,1308718.0
1046,692.75,208.29,0.200659,78.0,12.75,145.5,104.25,87.5,58.0,72.25,212.5,1950845.0
1047,599.0,207.44,0.174927,77.0,27.0,145.25,73.5,68.75,59.5,43.25,181.75,1633889.0
1048,825.0,229.38,0.19704000000000002,77.0,28.25,184.5,101.5,82.5,86.75,73.5,268.0,1737671.0
1049,545.0,187.68,0.19443,72.5,12.75,111.75,86.5,84.0,57.0,50.0,143.0,1786003.0
1050,819.0,229.89,0.194732,80.5,43.0,160.5,137.75,92.5,79.75,69.75,235.75,1734575.0
1051,434.75,169.78,0.189525,63.0,10.5,104.0,67.5,54.25,46.75,38.75,113.0,1436900.0
1052,504.0,186.66,0.181776,70.0,16.5,111.25,77.25,58.25,52.0,44.0,144.75,1682392.0
1053,542.75,190.15,0.188641,68.0,17.75,124.25,90.75,63.0,48.5,40.75,157.75,1380648.0
1054,594.0,186.97,0.213517,66.0,19.0,132.0,83.5,64.5,61.5,55.25,178.25,1345368.0
1055,681.25,203.46,0.20680500000000002,74.5,21.0,163.5,101.75,83.25,66.0,60.25,185.5,1616969.0
1056,485.75,188.07,0.172569,66.5,17.0,77.5,81.5,57.75,38.75,36.25,177.0,1436151.0
1057,456.75,162.0,0.21869499999999997,60.5,10.5,91.5,88.0,66.25,47.5,35.25,117.75,1671789.0
1058,528.5,197.63,0.170037,73.0,19.25,93.5,100.0,73.25,57.0,45.75,139.75,1607564.0
1059,698.0,219.12,0.18269000000000002,79.5,23.0,149.5,112.5,79.75,68.5,51.5,213.25,1733145.0
1060,569.5,202.29,0.17488900000000002,74.5,22.0,128.5,84.0,64.75,59.0,49.0,162.25,1731742.0
1061,454.5,168.47,0.201237,63.0,11.0,129.0,64.75,50.0,33.75,34.0,132.0,1482527.0
1062,489.0,200.44,0.152952,70.0,20.5,107.25,79.5,52.5,39.75,30.5,159.0,1385220.0
1063,759.75,223.94,0.19037,80.0,14.25,140.5,120.5,91.5,80.25,61.75,251.0,1656839.0
1064,853.75,211.21,0.240502,69.5,25.5,175.75,116.75,98.5,91.0,91.0,255.25,1601953.0
1065,603.0,197.63,0.19400699999999999,73.0,20.5,119.0,81.75,64.75,51.75,67.25,198.0,1518815.0
1066,735.0,204.17,0.221579,73.5,22.5,197.25,95.25,82.0,67.0,73.75,197.25,1761233.0
1067,864.75,218.82,0.22694099999999998,74.0,21.75,230.5,123.5,80.5,79.5,71.25,257.75,1532844.0
1068,532.75,180.15,0.20629299999999998,64.5,18.75,117.0,100.0,65.75,47.25,43.0,141.0,1631777.0
1069,394.75,163.76,0.184974,61.5,7.75,94.75,69.25,51.75,39.25,26.5,105.5,1534198.0
1070,578.75,197.65,0.186165,72.0,17.0,125.75,86.0,73.75,60.25,53.75,162.25,1549985.0
1071,864.75,230.09,0.20526599999999998,80.0,36.0,182.0,118.5,97.25,91.25,84.25,255.5,1585707.0
1072,691.5,195.63,0.2270530000000001,69.0,25.5,164.75,113.25,80.5,71.25,55.75,180.5,1604132.0
1073,648.0,229.07,0.15519000000000002,78.0,41.0,134.5,97.25,63.75,58.75,52.0,200.75,1706362.0
1074,538.5,181.42,0.20560599999999998,67.0,18.0,123.5,77.0,59.75,52.25,46.25,161.75,1423675.0
1075,586.25,190.92,0.202103,72.5,13.0,129.75,83.75,81.25,59.0,55.75,163.75,1628407.0
1076,527.0,189.56,0.184301,67.0,15.5,90.0,77.5,74.0,63.5,46.5,160.0,1564312.0
1077,664.5,200.46,0.20780300000000002,75.0,8.75,166.0,97.0,94.75,72.0,48.0,178.0,1476046.0
1078,652.0,188.97,0.229431,67.5,113.25,16.75,125.0,77.5,72.0,64.0,183.5,1607227.0
1079,737.0,221.41,0.188923,76.0,31.25,128.25,126.25,79.75,78.5,67.0,226.0,1557005.0
1080,657.0,193.56,0.22036599999999998,65.5,31.0,161.25,92.0,68.5,67.25,59.5,177.5,1491549.0
1081,687.25,202.46,0.21069200000000002,75.5,18.75,161.0,85.25,83.5,74.75,56.25,207.75,1536933.0
1082,612.5,200.63,0.19121400000000002,74.0,25.0,132.5,85.0,67.0,66.25,57.5,179.25,1489320.0
1083,701.25,209.1,0.20155499999999998,77.5,15.0,135.5,113.25,58.25,73.0,91.5,214.75,1678048.0
1084,747.25,211.73,0.20946199999999998,76.5,19.75,154.75,94.0,84.5,70.25,65.75,258.25,1558733.0
1085,644.75,196.97,0.208825,72.5,17.5,137.75,119.25,88.0,60.0,53.75,168.5,1531754.0
1086,773.75,200.15,0.242727,71.5,21.0,188.5,96.0,90.0,89.5,80.0,208.75,1422172.0
1087,740.25,208.75,0.213464,74.0,33.5,168.0,104.25,86.25,72.5,70.5,205.25,1820261.0
1088,671.25,203.56,0.203568,73.0,24.5,172.0,92.0,81.0,63.5,51.25,187.0,1610254.0
1089,731.75,211.63,0.205312,77.5,20.25,163.75,96.25,86.5,72.75,70.0,222.25,1682950.0
1090,767.75,223.41,0.193298,82.0,26.75,163.25,109.25,85.25,70.0,102.0,211.25,1664708.0
1091,810.0,231.72,0.189564,81.5,24.5,174.5,150.0,92.75,75.0,66.25,227.0,1535681.0
1092,761.75,205.7,0.226227,70.0,16.5,163.25,112.75,83.25,72.5,98.75,214.75,1666563.0
1093,583.25,236.02,0.131578,82.0,32.25,111.75,106.25,68.25,61.75,41.0,162.0,1503102.0
1094,658.0,199.44,0.207882,69.5,25.0,146.0,96.75,69.25,67.25,55.0,198.75,1565937.0
1095,701.75,228.17,0.16939,82.0,30.0,130.75,111.5,86.5,64.25,54.75,224.0,1781013.0
1096,741.5,230.72,0.175041,77.0,35.25,153.0,103.5,81.25,75.5,63.0,230.0,1609801.0
1097,657.5,225.0,0.163215,79.5,19.25,137.5,91.25,76.25,69.75,54.25,209.25,1526070.0
1098,614.0,202.12,0.188875,71.5,27.5,119.5,105.0,71.5,59.5,56.0,175.0,1380258.0
1099,690.25,207.87,0.200732,75.5,24.75,149.5,113.5,83.25,73.75,63.0,182.5,1561447.0
